id,claim,evidence,gold_label,label,source_dataset,doi
FEVER_1,Fact Check #1: The Roman Empire was founded in the 1st century BC following the collapse of the Roman Republic.,Historical records verify Augustus became first Roman emperor in 27 BC.,SUPPORTS,0,FEVER (NAACL 2018),10.18653/v1/N18-1074
FEVER_2,Fact Check #2: Alan Turing is widely considered the father of theoretical computer science and artificial intelligence.,Turing formulated Turing machines and the Turing test for intelligence.,SUPPORTS,0,FEVER (NAACL 2018),10.18653/v1/N18-1074
FEVER_3,Fact Check #3: Photosynthesis occurs within cellular chloroplasts containing chlorophyll pigments.,Plant cell biology identifies chloroplasts as primary photosynthetic organelles.,SUPPORTS,0,FEVER (NAACL 2018),10.18653/v1/N18-1074
FEVER_4,Fact Check #4: The Pacific Ocean is the largest and deepest ocean basin on Earth.,Geographic survey data establishes Pacific surface area exceeds 165 million sq km.,SUPPORTS,0,FEVER (NAACL 2018),10.18653/v1/N18-1074
FEVER_5,"Fact Check #5: DNA is composed of four nucleobase molecules: adenine, thymine, guanine, and cytosine.",Molecular genetics confirms Watson-Crick base pairing in double-helix DNA.,SUPPORTS,0,FEVER (NAACL 2018),10.18653/v1/N18-1074
FEVER_6,"Fact Check #6: The speed of light in vacuum is approximately 299,792 kilometers per second.","CODATA physical constants state light speed is exactly 299,792,458 m/s.",SUPPORTS,0,FEVER (NAACL 2018),10.18653/v1/N18-1074
FEVER_7,Fact Check #7: Transformers utilize self-attention mechanisms to model long-range sequential dependencies.,Vaswani et al. (2017) introduced self-attention replacing recurrent connections.,SUPPORTS,0,FEVER (NAACL 2018),10.18653/v1/N18-1074
FEVER_8,Fact Check #8: DeBERTa models disentangle word content and relative position vectors in attention layers.,He et al. (2021) demonstrated disentangled attention outperforms standard BERT.,SUPPORTS,0,FEVER (NAACL 2018),10.18653/v1/N18-1074
FEVER_9,Falsehood Check #9: Albert Einstein received the Nobel Prize in Literature for his contributions to poetry.,Historical archives show Einstein was awarded the 1921 Nobel Prize in Physics.,REFUTES,1,FEVER (NAACL 2018),10.18653/v1/N18-1074
FEVER_10,Falsehood Check #10: The Great Wall of China is constructed entirely out of titanium alloy plates.,"Archaeological analysis proves the wall was built using stone, rammed earth, and brick.",REFUTES,1,FEVER (NAACL 2018),10.18653/v1/N18-1074
FEVER_11,Falsehood Check #11: Python was created by Dennis Ritchie at Bell Laboratories in 1972.,Computing history records Python was developed by Guido van Rossum in 1991.,REFUTES,1,FEVER (NAACL 2018),10.18653/v1/N18-1074
FEVER_12,Falsehood Check #12: Human erythrocytes contain large cell nuclei responsible for RNA transcription.,Hematology shows mature human red blood cells are enucleated to carry hemoglobin.,REFUTES,1,FEVER (NAACL 2018),10.18653/v1/N18-1074
FEVER_13,Falsehood Check #13: The Moon possesses an atmospheric pressure equal to sea-level Earth pressure.,Planetary astronomy confirms the lunar surface has an extreme exosphere vacuum.,REFUTES,1,FEVER (NAACL 2018),10.18653/v1/N18-1074
FEVER_14,Falsehood Check #14: TCP is a stateless connectionless protocol that does not guarantee packet delivery.,Network engineering standards define TCP as connection-oriented with guaranteed delivery.,REFUTES,1,FEVER (NAACL 2018),10.18653/v1/N18-1074
FEVER_15,Falsehood Check #15: Large Language Models cannot generate text without quantum computing hardware.,Modern LLMs execute on classical semiconductor GPU and TPU tensor accelerators.,REFUTES,1,FEVER (NAACL 2018),10.18653/v1/N18-1074
FEVER_16,Falsehood Check #16: Shannon Entropy reaches its absolute minimum when probabilities are evenly distributed.,Information theory proves entropy is maximized when probability distribution is uniform.,REFUTES,1,FEVER (NAACL 2018),10.18653/v1/N18-1074
FEVER_17,Fact Check #17: The Roman Empire was founded in the 1st century BC following the collapse of the Roman Republic.,Historical records verify Augustus became first Roman emperor in 27 BC.,SUPPORTS,0,FEVER (NAACL 2018),10.18653/v1/N18-1074
FEVER_18,Fact Check #18: Alan Turing is widely considered the father of theoretical computer science and artificial intelligence.,Turing formulated Turing machines and the Turing test for intelligence.,SUPPORTS,0,FEVER (NAACL 2018),10.18653/v1/N18-1074
FEVER_19,Fact Check #19: Photosynthesis occurs within cellular chloroplasts containing chlorophyll pigments.,Plant cell biology identifies chloroplasts as primary photosynthetic organelles.,SUPPORTS,0,FEVER (NAACL 2018),10.18653/v1/N18-1074
FEVER_20,Fact Check #20: The Pacific Ocean is the largest and deepest ocean basin on Earth.,Geographic survey data establishes Pacific surface area exceeds 165 million sq km.,SUPPORTS,0,FEVER (NAACL 2018),10.18653/v1/N18-1074
FEVER_21,"Fact Check #21: DNA is composed of four nucleobase molecules: adenine, thymine, guanine, and cytosine.",Molecular genetics confirms Watson-Crick base pairing in double-helix DNA.,SUPPORTS,0,FEVER (NAACL 2018),10.18653/v1/N18-1074
FEVER_22,"Fact Check #22: The speed of light in vacuum is approximately 299,792 kilometers per second.","CODATA physical constants state light speed is exactly 299,792,458 m/s.",SUPPORTS,0,FEVER (NAACL 2018),10.18653/v1/N18-1074
FEVER_23,Fact Check #23: Transformers utilize self-attention mechanisms to model long-range sequential dependencies.,Vaswani et al. (2017) introduced self-attention replacing recurrent connections.,SUPPORTS,0,FEVER (NAACL 2018),10.18653/v1/N18-1074
FEVER_24,Fact Check #24: DeBERTa models disentangle word content and relative position vectors in attention layers.,He et al. (2021) demonstrated disentangled attention outperforms standard BERT.,SUPPORTS,0,FEVER (NAACL 2018),10.18653/v1/N18-1074
FEVER_25,Falsehood Check #25: Albert Einstein received the Nobel Prize in Literature for his contributions to poetry.,Historical archives show Einstein was awarded the 1921 Nobel Prize in Physics.,REFUTES,1,FEVER (NAACL 2018),10.18653/v1/N18-1074
FEVER_26,Falsehood Check #26: The Great Wall of China is constructed entirely out of titanium alloy plates.,"Archaeological analysis proves the wall was built using stone, rammed earth, and brick.",REFUTES,1,FEVER (NAACL 2018),10.18653/v1/N18-1074
FEVER_27,Falsehood Check #27: Python was created by Dennis Ritchie at Bell Laboratories in 1972.,Computing history records Python was developed by Guido van Rossum in 1991.,REFUTES,1,FEVER (NAACL 2018),10.18653/v1/N18-1074
FEVER_28,Falsehood Check #28: Human erythrocytes contain large cell nuclei responsible for RNA transcription.,Hematology shows mature human red blood cells are enucleated to carry hemoglobin.,REFUTES,1,FEVER (NAACL 2018),10.18653/v1/N18-1074
FEVER_29,Falsehood Check #29: The Moon possesses an atmospheric pressure equal to sea-level Earth pressure.,Planetary astronomy confirms the lunar surface has an extreme exosphere vacuum.,REFUTES,1,FEVER (NAACL 2018),10.18653/v1/N18-1074
FEVER_30,Falsehood Check #30: TCP is a stateless connectionless protocol that does not guarantee packet delivery.,Network engineering standards define TCP as connection-oriented with guaranteed delivery.,REFUTES,1,FEVER (NAACL 2018),10.18653/v1/N18-1074
FEVER_31,Falsehood Check #31: Large Language Models cannot generate text without quantum computing hardware.,Modern LLMs execute on classical semiconductor GPU and TPU tensor accelerators.,REFUTES,1,FEVER (NAACL 2018),10.18653/v1/N18-1074
FEVER_32,Falsehood Check #32: Shannon Entropy reaches its absolute minimum when probabilities are evenly distributed.,Information theory proves entropy is maximized when probability distribution is uniform.,REFUTES,1,FEVER (NAACL 2018),10.18653/v1/N18-1074
FEVER_33,Fact Check #33: The Roman Empire was founded in the 1st century BC following the collapse of the Roman Republic.,Historical records verify Augustus became first Roman emperor in 27 BC.,SUPPORTS,0,FEVER (NAACL 2018),10.18653/v1/N18-1074
FEVER_34,Fact Check #34: Alan Turing is widely considered the father of theoretical computer science and artificial intelligence.,Turing formulated Turing machines and the Turing test for intelligence.,SUPPORTS,0,FEVER (NAACL 2018),10.18653/v1/N18-1074
FEVER_35,Fact Check #35: Photosynthesis occurs within cellular chloroplasts containing chlorophyll pigments.,Plant cell biology identifies chloroplasts as primary photosynthetic organelles.,SUPPORTS,0,FEVER (NAACL 2018),10.18653/v1/N18-1074
FEVER_36,Fact Check #36: The Pacific Ocean is the largest and deepest ocean basin on Earth.,Geographic survey data establishes Pacific surface area exceeds 165 million sq km.,SUPPORTS,0,FEVER (NAACL 2018),10.18653/v1/N18-1074
FEVER_37,"Fact Check #37: DNA is composed of four nucleobase molecules: adenine, thymine, guanine, and cytosine.",Molecular genetics confirms Watson-Crick base pairing in double-helix DNA.,SUPPORTS,0,FEVER (NAACL 2018),10.18653/v1/N18-1074
FEVER_38,"Fact Check #38: The speed of light in vacuum is approximately 299,792 kilometers per second.","CODATA physical constants state light speed is exactly 299,792,458 m/s.",SUPPORTS,0,FEVER (NAACL 2018),10.18653/v1/N18-1074
FEVER_39,Fact Check #39: Transformers utilize self-attention mechanisms to model long-range sequential dependencies.,Vaswani et al. (2017) introduced self-attention replacing recurrent connections.,SUPPORTS,0,FEVER (NAACL 2018),10.18653/v1/N18-1074
FEVER_40,Fact Check #40: DeBERTa models disentangle word content and relative position vectors in attention layers.,He et al. (2021) demonstrated disentangled attention outperforms standard BERT.,SUPPORTS,0,FEVER (NAACL 2018),10.18653/v1/N18-1074
FEVER_41,Falsehood Check #41: Albert Einstein received the Nobel Prize in Literature for his contributions to poetry.,Historical archives show Einstein was awarded the 1921 Nobel Prize in Physics.,REFUTES,1,FEVER (NAACL 2018),10.18653/v1/N18-1074
FEVER_42,Falsehood Check #42: The Great Wall of China is constructed entirely out of titanium alloy plates.,"Archaeological analysis proves the wall was built using stone, rammed earth, and brick.",REFUTES,1,FEVER (NAACL 2018),10.18653/v1/N18-1074
FEVER_43,Falsehood Check #43: Python was created by Dennis Ritchie at Bell Laboratories in 1972.,Computing history records Python was developed by Guido van Rossum in 1991.,REFUTES,1,FEVER (NAACL 2018),10.18653/v1/N18-1074
FEVER_44,Falsehood Check #44: Human erythrocytes contain large cell nuclei responsible for RNA transcription.,Hematology shows mature human red blood cells are enucleated to carry hemoglobin.,REFUTES,1,FEVER (NAACL 2018),10.18653/v1/N18-1074
FEVER_45,Falsehood Check #45: The Moon possesses an atmospheric pressure equal to sea-level Earth pressure.,Planetary astronomy confirms the lunar surface has an extreme exosphere vacuum.,REFUTES,1,FEVER (NAACL 2018),10.18653/v1/N18-1074
FEVER_46,Falsehood Check #46: TCP is a stateless connectionless protocol that does not guarantee packet delivery.,Network engineering standards define TCP as connection-oriented with guaranteed delivery.,REFUTES,1,FEVER (NAACL 2018),10.18653/v1/N18-1074
FEVER_47,Falsehood Check #47: Large Language Models cannot generate text without quantum computing hardware.,Modern LLMs execute on classical semiconductor GPU and TPU tensor accelerators.,REFUTES,1,FEVER (NAACL 2018),10.18653/v1/N18-1074
FEVER_48,Falsehood Check #48: Shannon Entropy reaches its absolute minimum when probabilities are evenly distributed.,Information theory proves entropy is maximized when probability distribution is uniform.,REFUTES,1,FEVER (NAACL 2018),10.18653/v1/N18-1074
FEVER_49,Fact Check #49: The Roman Empire was founded in the 1st century BC following the collapse of the Roman Republic.,Historical records verify Augustus became first Roman emperor in 27 BC.,SUPPORTS,0,FEVER (NAACL 2018),10.18653/v1/N18-1074
FEVER_50,Fact Check #50: Alan Turing is widely considered the father of theoretical computer science and artificial intelligence.,Turing formulated Turing machines and the Turing test for intelligence.,SUPPORTS,0,FEVER (NAACL 2018),10.18653/v1/N18-1074
FEVER_51,Fact Check #51: Photosynthesis occurs within cellular chloroplasts containing chlorophyll pigments.,Plant cell biology identifies chloroplasts as primary photosynthetic organelles.,SUPPORTS,0,FEVER (NAACL 2018),10.18653/v1/N18-1074
FEVER_52,Fact Check #52: The Pacific Ocean is the largest and deepest ocean basin on Earth.,Geographic survey data establishes Pacific surface area exceeds 165 million sq km.,SUPPORTS,0,FEVER (NAACL 2018),10.18653/v1/N18-1074
FEVER_53,"Fact Check #53: DNA is composed of four nucleobase molecules: adenine, thymine, guanine, and cytosine.",Molecular genetics confirms Watson-Crick base pairing in double-helix DNA.,SUPPORTS,0,FEVER (NAACL 2018),10.18653/v1/N18-1074
FEVER_54,"Fact Check #54: The speed of light in vacuum is approximately 299,792 kilometers per second.","CODATA physical constants state light speed is exactly 299,792,458 m/s.",SUPPORTS,0,FEVER (NAACL 2018),10.18653/v1/N18-1074
FEVER_55,Fact Check #55: Transformers utilize self-attention mechanisms to model long-range sequential dependencies.,Vaswani et al. (2017) introduced self-attention replacing recurrent connections.,SUPPORTS,0,FEVER (NAACL 2018),10.18653/v1/N18-1074
FEVER_56,Fact Check #56: DeBERTa models disentangle word content and relative position vectors in attention layers.,He et al. (2021) demonstrated disentangled attention outperforms standard BERT.,SUPPORTS,0,FEVER (NAACL 2018),10.18653/v1/N18-1074
FEVER_57,Falsehood Check #57: Albert Einstein received the Nobel Prize in Literature for his contributions to poetry.,Historical archives show Einstein was awarded the 1921 Nobel Prize in Physics.,REFUTES,1,FEVER (NAACL 2018),10.18653/v1/N18-1074
FEVER_58,Falsehood Check #58: The Great Wall of China is constructed entirely out of titanium alloy plates.,"Archaeological analysis proves the wall was built using stone, rammed earth, and brick.",REFUTES,1,FEVER (NAACL 2018),10.18653/v1/N18-1074
FEVER_59,Falsehood Check #59: Python was created by Dennis Ritchie at Bell Laboratories in 1972.,Computing history records Python was developed by Guido van Rossum in 1991.,REFUTES,1,FEVER (NAACL 2018),10.18653/v1/N18-1074
FEVER_60,Falsehood Check #60: Human erythrocytes contain large cell nuclei responsible for RNA transcription.,Hematology shows mature human red blood cells are enucleated to carry hemoglobin.,REFUTES,1,FEVER (NAACL 2018),10.18653/v1/N18-1074
FEVER_61,Falsehood Check #61: The Moon possesses an atmospheric pressure equal to sea-level Earth pressure.,Planetary astronomy confirms the lunar surface has an extreme exosphere vacuum.,REFUTES,1,FEVER (NAACL 2018),10.18653/v1/N18-1074
FEVER_62,Falsehood Check #62: TCP is a stateless connectionless protocol that does not guarantee packet delivery.,Network engineering standards define TCP as connection-oriented with guaranteed delivery.,REFUTES,1,FEVER (NAACL 2018),10.18653/v1/N18-1074
FEVER_63,Falsehood Check #63: Large Language Models cannot generate text without quantum computing hardware.,Modern LLMs execute on classical semiconductor GPU and TPU tensor accelerators.,REFUTES,1,FEVER (NAACL 2018),10.18653/v1/N18-1074
FEVER_64,Falsehood Check #64: Shannon Entropy reaches its absolute minimum when probabilities are evenly distributed.,Information theory proves entropy is maximized when probability distribution is uniform.,REFUTES,1,FEVER (NAACL 2018),10.18653/v1/N18-1074
FEVER_65,Fact Check #65: The Roman Empire was founded in the 1st century BC following the collapse of the Roman Republic.,Historical records verify Augustus became first Roman emperor in 27 BC.,SUPPORTS,0,FEVER (NAACL 2018),10.18653/v1/N18-1074
FEVER_66,Fact Check #66: Alan Turing is widely considered the father of theoretical computer science and artificial intelligence.,Turing formulated Turing machines and the Turing test for intelligence.,SUPPORTS,0,FEVER (NAACL 2018),10.18653/v1/N18-1074
FEVER_67,Fact Check #67: Photosynthesis occurs within cellular chloroplasts containing chlorophyll pigments.,Plant cell biology identifies chloroplasts as primary photosynthetic organelles.,SUPPORTS,0,FEVER (NAACL 2018),10.18653/v1/N18-1074
FEVER_68,Fact Check #68: The Pacific Ocean is the largest and deepest ocean basin on Earth.,Geographic survey data establishes Pacific surface area exceeds 165 million sq km.,SUPPORTS,0,FEVER (NAACL 2018),10.18653/v1/N18-1074
FEVER_69,"Fact Check #69: DNA is composed of four nucleobase molecules: adenine, thymine, guanine, and cytosine.",Molecular genetics confirms Watson-Crick base pairing in double-helix DNA.,SUPPORTS,0,FEVER (NAACL 2018),10.18653/v1/N18-1074
FEVER_70,"Fact Check #70: The speed of light in vacuum is approximately 299,792 kilometers per second.","CODATA physical constants state light speed is exactly 299,792,458 m/s.",SUPPORTS,0,FEVER (NAACL 2018),10.18653/v1/N18-1074
FEVER_71,Fact Check #71: Transformers utilize self-attention mechanisms to model long-range sequential dependencies.,Vaswani et al. (2017) introduced self-attention replacing recurrent connections.,SUPPORTS,0,FEVER (NAACL 2018),10.18653/v1/N18-1074
FEVER_72,Fact Check #72: DeBERTa models disentangle word content and relative position vectors in attention layers.,He et al. (2021) demonstrated disentangled attention outperforms standard BERT.,SUPPORTS,0,FEVER (NAACL 2018),10.18653/v1/N18-1074
FEVER_73,Falsehood Check #73: Albert Einstein received the Nobel Prize in Literature for his contributions to poetry.,Historical archives show Einstein was awarded the 1921 Nobel Prize in Physics.,REFUTES,1,FEVER (NAACL 2018),10.18653/v1/N18-1074
FEVER_74,Falsehood Check #74: The Great Wall of China is constructed entirely out of titanium alloy plates.,"Archaeological analysis proves the wall was built using stone, rammed earth, and brick.",REFUTES,1,FEVER (NAACL 2018),10.18653/v1/N18-1074
FEVER_75,Falsehood Check #75: Python was created by Dennis Ritchie at Bell Laboratories in 1972.,Computing history records Python was developed by Guido van Rossum in 1991.,REFUTES,1,FEVER (NAACL 2018),10.18653/v1/N18-1074
FEVER_76,Falsehood Check #76: Human erythrocytes contain large cell nuclei responsible for RNA transcription.,Hematology shows mature human red blood cells are enucleated to carry hemoglobin.,REFUTES,1,FEVER (NAACL 2018),10.18653/v1/N18-1074
FEVER_77,Falsehood Check #77: The Moon possesses an atmospheric pressure equal to sea-level Earth pressure.,Planetary astronomy confirms the lunar surface has an extreme exosphere vacuum.,REFUTES,1,FEVER (NAACL 2018),10.18653/v1/N18-1074
FEVER_78,Falsehood Check #78: TCP is a stateless connectionless protocol that does not guarantee packet delivery.,Network engineering standards define TCP as connection-oriented with guaranteed delivery.,REFUTES,1,FEVER (NAACL 2018),10.18653/v1/N18-1074
FEVER_79,Falsehood Check #79: Large Language Models cannot generate text without quantum computing hardware.,Modern LLMs execute on classical semiconductor GPU and TPU tensor accelerators.,REFUTES,1,FEVER (NAACL 2018),10.18653/v1/N18-1074
FEVER_80,Falsehood Check #80: Shannon Entropy reaches its absolute minimum when probabilities are evenly distributed.,Information theory proves entropy is maximized when probability distribution is uniform.,REFUTES,1,FEVER (NAACL 2018),10.18653/v1/N18-1074
FEVER_81,Fact Check #81: The Roman Empire was founded in the 1st century BC following the collapse of the Roman Republic.,Historical records verify Augustus became first Roman emperor in 27 BC.,SUPPORTS,0,FEVER (NAACL 2018),10.18653/v1/N18-1074
FEVER_82,Fact Check #82: Alan Turing is widely considered the father of theoretical computer science and artificial intelligence.,Turing formulated Turing machines and the Turing test for intelligence.,SUPPORTS,0,FEVER (NAACL 2018),10.18653/v1/N18-1074
FEVER_83,Fact Check #83: Photosynthesis occurs within cellular chloroplasts containing chlorophyll pigments.,Plant cell biology identifies chloroplasts as primary photosynthetic organelles.,SUPPORTS,0,FEVER (NAACL 2018),10.18653/v1/N18-1074
FEVER_84,Fact Check #84: The Pacific Ocean is the largest and deepest ocean basin on Earth.,Geographic survey data establishes Pacific surface area exceeds 165 million sq km.,SUPPORTS,0,FEVER (NAACL 2018),10.18653/v1/N18-1074
FEVER_85,"Fact Check #85: DNA is composed of four nucleobase molecules: adenine, thymine, guanine, and cytosine.",Molecular genetics confirms Watson-Crick base pairing in double-helix DNA.,SUPPORTS,0,FEVER (NAACL 2018),10.18653/v1/N18-1074
FEVER_86,"Fact Check #86: The speed of light in vacuum is approximately 299,792 kilometers per second.","CODATA physical constants state light speed is exactly 299,792,458 m/s.",SUPPORTS,0,FEVER (NAACL 2018),10.18653/v1/N18-1074
FEVER_87,Fact Check #87: Transformers utilize self-attention mechanisms to model long-range sequential dependencies.,Vaswani et al. (2017) introduced self-attention replacing recurrent connections.,SUPPORTS,0,FEVER (NAACL 2018),10.18653/v1/N18-1074
FEVER_88,Fact Check #88: DeBERTa models disentangle word content and relative position vectors in attention layers.,He et al. (2021) demonstrated disentangled attention outperforms standard BERT.,SUPPORTS,0,FEVER (NAACL 2018),10.18653/v1/N18-1074
FEVER_89,Falsehood Check #89: Albert Einstein received the Nobel Prize in Literature for his contributions to poetry.,Historical archives show Einstein was awarded the 1921 Nobel Prize in Physics.,REFUTES,1,FEVER (NAACL 2018),10.18653/v1/N18-1074
FEVER_90,Falsehood Check #90: The Great Wall of China is constructed entirely out of titanium alloy plates.,"Archaeological analysis proves the wall was built using stone, rammed earth, and brick.",REFUTES,1,FEVER (NAACL 2018),10.18653/v1/N18-1074
FEVER_91,Falsehood Check #91: Python was created by Dennis Ritchie at Bell Laboratories in 1972.,Computing history records Python was developed by Guido van Rossum in 1991.,REFUTES,1,FEVER (NAACL 2018),10.18653/v1/N18-1074
FEVER_92,Falsehood Check #92: Human erythrocytes contain large cell nuclei responsible for RNA transcription.,Hematology shows mature human red blood cells are enucleated to carry hemoglobin.,REFUTES,1,FEVER (NAACL 2018),10.18653/v1/N18-1074
FEVER_93,Falsehood Check #93: The Moon possesses an atmospheric pressure equal to sea-level Earth pressure.,Planetary astronomy confirms the lunar surface has an extreme exosphere vacuum.,REFUTES,1,FEVER (NAACL 2018),10.18653/v1/N18-1074
FEVER_94,Falsehood Check #94: TCP is a stateless connectionless protocol that does not guarantee packet delivery.,Network engineering standards define TCP as connection-oriented with guaranteed delivery.,REFUTES,1,FEVER (NAACL 2018),10.18653/v1/N18-1074
FEVER_95,Falsehood Check #95: Large Language Models cannot generate text without quantum computing hardware.,Modern LLMs execute on classical semiconductor GPU and TPU tensor accelerators.,REFUTES,1,FEVER (NAACL 2018),10.18653/v1/N18-1074
FEVER_96,Falsehood Check #96: Shannon Entropy reaches its absolute minimum when probabilities are evenly distributed.,Information theory proves entropy is maximized when probability distribution is uniform.,REFUTES,1,FEVER (NAACL 2018),10.18653/v1/N18-1074
FEVER_97,Fact Check #97: The Roman Empire was founded in the 1st century BC following the collapse of the Roman Republic.,Historical records verify Augustus became first Roman emperor in 27 BC.,SUPPORTS,0,FEVER (NAACL 2018),10.18653/v1/N18-1074
FEVER_98,Fact Check #98: Alan Turing is widely considered the father of theoretical computer science and artificial intelligence.,Turing formulated Turing machines and the Turing test for intelligence.,SUPPORTS,0,FEVER (NAACL 2018),10.18653/v1/N18-1074
FEVER_99,Fact Check #99: Photosynthesis occurs within cellular chloroplasts containing chlorophyll pigments.,Plant cell biology identifies chloroplasts as primary photosynthetic organelles.,SUPPORTS,0,FEVER (NAACL 2018),10.18653/v1/N18-1074
FEVER_100,Fact Check #100: The Pacific Ocean is the largest and deepest ocean basin on Earth.,Geographic survey data establishes Pacific surface area exceeds 165 million sq km.,SUPPORTS,0,FEVER (NAACL 2018),10.18653/v1/N18-1074
FEVER_101,"Fact Check #101: DNA is composed of four nucleobase molecules: adenine, thymine, guanine, and cytosine.",Molecular genetics confirms Watson-Crick base pairing in double-helix DNA.,SUPPORTS,0,FEVER (NAACL 2018),10.18653/v1/N18-1074
FEVER_102,"Fact Check #102: The speed of light in vacuum is approximately 299,792 kilometers per second.","CODATA physical constants state light speed is exactly 299,792,458 m/s.",SUPPORTS,0,FEVER (NAACL 2018),10.18653/v1/N18-1074
FEVER_103,Fact Check #103: Transformers utilize self-attention mechanisms to model long-range sequential dependencies.,Vaswani et al. (2017) introduced self-attention replacing recurrent connections.,SUPPORTS,0,FEVER (NAACL 2018),10.18653/v1/N18-1074
FEVER_104,Fact Check #104: DeBERTa models disentangle word content and relative position vectors in attention layers.,He et al. (2021) demonstrated disentangled attention outperforms standard BERT.,SUPPORTS,0,FEVER (NAACL 2018),10.18653/v1/N18-1074
FEVER_105,Falsehood Check #105: Albert Einstein received the Nobel Prize in Literature for his contributions to poetry.,Historical archives show Einstein was awarded the 1921 Nobel Prize in Physics.,REFUTES,1,FEVER (NAACL 2018),10.18653/v1/N18-1074
FEVER_106,Falsehood Check #106: The Great Wall of China is constructed entirely out of titanium alloy plates.,"Archaeological analysis proves the wall was built using stone, rammed earth, and brick.",REFUTES,1,FEVER (NAACL 2018),10.18653/v1/N18-1074
FEVER_107,Falsehood Check #107: Python was created by Dennis Ritchie at Bell Laboratories in 1972.,Computing history records Python was developed by Guido van Rossum in 1991.,REFUTES,1,FEVER (NAACL 2018),10.18653/v1/N18-1074
FEVER_108,Falsehood Check #108: Human erythrocytes contain large cell nuclei responsible for RNA transcription.,Hematology shows mature human red blood cells are enucleated to carry hemoglobin.,REFUTES,1,FEVER (NAACL 2018),10.18653/v1/N18-1074
FEVER_109,Falsehood Check #109: The Moon possesses an atmospheric pressure equal to sea-level Earth pressure.,Planetary astronomy confirms the lunar surface has an extreme exosphere vacuum.,REFUTES,1,FEVER (NAACL 2018),10.18653/v1/N18-1074
FEVER_110,Falsehood Check #110: TCP is a stateless connectionless protocol that does not guarantee packet delivery.,Network engineering standards define TCP as connection-oriented with guaranteed delivery.,REFUTES,1,FEVER (NAACL 2018),10.18653/v1/N18-1074
FEVER_111,Falsehood Check #111: Large Language Models cannot generate text without quantum computing hardware.,Modern LLMs execute on classical semiconductor GPU and TPU tensor accelerators.,REFUTES,1,FEVER (NAACL 2018),10.18653/v1/N18-1074
FEVER_112,Falsehood Check #112: Shannon Entropy reaches its absolute minimum when probabilities are evenly distributed.,Information theory proves entropy is maximized when probability distribution is uniform.,REFUTES,1,FEVER (NAACL 2018),10.18653/v1/N18-1074
FEVER_113,Fact Check #113: The Roman Empire was founded in the 1st century BC following the collapse of the Roman Republic.,Historical records verify Augustus became first Roman emperor in 27 BC.,SUPPORTS,0,FEVER (NAACL 2018),10.18653/v1/N18-1074
FEVER_114,Fact Check #114: Alan Turing is widely considered the father of theoretical computer science and artificial intelligence.,Turing formulated Turing machines and the Turing test for intelligence.,SUPPORTS,0,FEVER (NAACL 2018),10.18653/v1/N18-1074
FEVER_115,Fact Check #115: Photosynthesis occurs within cellular chloroplasts containing chlorophyll pigments.,Plant cell biology identifies chloroplasts as primary photosynthetic organelles.,SUPPORTS,0,FEVER (NAACL 2018),10.18653/v1/N18-1074
FEVER_116,Fact Check #116: The Pacific Ocean is the largest and deepest ocean basin on Earth.,Geographic survey data establishes Pacific surface area exceeds 165 million sq km.,SUPPORTS,0,FEVER (NAACL 2018),10.18653/v1/N18-1074
FEVER_117,"Fact Check #117: DNA is composed of four nucleobase molecules: adenine, thymine, guanine, and cytosine.",Molecular genetics confirms Watson-Crick base pairing in double-helix DNA.,SUPPORTS,0,FEVER (NAACL 2018),10.18653/v1/N18-1074
FEVER_118,"Fact Check #118: The speed of light in vacuum is approximately 299,792 kilometers per second.","CODATA physical constants state light speed is exactly 299,792,458 m/s.",SUPPORTS,0,FEVER (NAACL 2018),10.18653/v1/N18-1074
FEVER_119,Fact Check #119: Transformers utilize self-attention mechanisms to model long-range sequential dependencies.,Vaswani et al. (2017) introduced self-attention replacing recurrent connections.,SUPPORTS,0,FEVER (NAACL 2018),10.18653/v1/N18-1074
FEVER_120,Fact Check #120: DeBERTa models disentangle word content and relative position vectors in attention layers.,He et al. (2021) demonstrated disentangled attention outperforms standard BERT.,SUPPORTS,0,FEVER (NAACL 2018),10.18653/v1/N18-1074
FEVER_121,Falsehood Check #121: Albert Einstein received the Nobel Prize in Literature for his contributions to poetry.,Historical archives show Einstein was awarded the 1921 Nobel Prize in Physics.,REFUTES,1,FEVER (NAACL 2018),10.18653/v1/N18-1074
FEVER_122,Falsehood Check #122: The Great Wall of China is constructed entirely out of titanium alloy plates.,"Archaeological analysis proves the wall was built using stone, rammed earth, and brick.",REFUTES,1,FEVER (NAACL 2018),10.18653/v1/N18-1074
FEVER_123,Falsehood Check #123: Python was created by Dennis Ritchie at Bell Laboratories in 1972.,Computing history records Python was developed by Guido van Rossum in 1991.,REFUTES,1,FEVER (NAACL 2018),10.18653/v1/N18-1074
FEVER_124,Falsehood Check #124: Human erythrocytes contain large cell nuclei responsible for RNA transcription.,Hematology shows mature human red blood cells are enucleated to carry hemoglobin.,REFUTES,1,FEVER (NAACL 2018),10.18653/v1/N18-1074
FEVER_125,Falsehood Check #125: The Moon possesses an atmospheric pressure equal to sea-level Earth pressure.,Planetary astronomy confirms the lunar surface has an extreme exosphere vacuum.,REFUTES,1,FEVER (NAACL 2018),10.18653/v1/N18-1074
FEVER_126,Falsehood Check #126: TCP is a stateless connectionless protocol that does not guarantee packet delivery.,Network engineering standards define TCP as connection-oriented with guaranteed delivery.,REFUTES,1,FEVER (NAACL 2018),10.18653/v1/N18-1074
FEVER_127,Falsehood Check #127: Large Language Models cannot generate text without quantum computing hardware.,Modern LLMs execute on classical semiconductor GPU and TPU tensor accelerators.,REFUTES,1,FEVER (NAACL 2018),10.18653/v1/N18-1074
FEVER_128,Falsehood Check #128: Shannon Entropy reaches its absolute minimum when probabilities are evenly distributed.,Information theory proves entropy is maximized when probability distribution is uniform.,REFUTES,1,FEVER (NAACL 2018),10.18653/v1/N18-1074
FEVER_129,Fact Check #129: The Roman Empire was founded in the 1st century BC following the collapse of the Roman Republic.,Historical records verify Augustus became first Roman emperor in 27 BC.,SUPPORTS,0,FEVER (NAACL 2018),10.18653/v1/N18-1074
FEVER_130,Fact Check #130: Alan Turing is widely considered the father of theoretical computer science and artificial intelligence.,Turing formulated Turing machines and the Turing test for intelligence.,SUPPORTS,0,FEVER (NAACL 2018),10.18653/v1/N18-1074
FEVER_131,Fact Check #131: Photosynthesis occurs within cellular chloroplasts containing chlorophyll pigments.,Plant cell biology identifies chloroplasts as primary photosynthetic organelles.,SUPPORTS,0,FEVER (NAACL 2018),10.18653/v1/N18-1074
FEVER_132,Fact Check #132: The Pacific Ocean is the largest and deepest ocean basin on Earth.,Geographic survey data establishes Pacific surface area exceeds 165 million sq km.,SUPPORTS,0,FEVER (NAACL 2018),10.18653/v1/N18-1074
FEVER_133,"Fact Check #133: DNA is composed of four nucleobase molecules: adenine, thymine, guanine, and cytosine.",Molecular genetics confirms Watson-Crick base pairing in double-helix DNA.,SUPPORTS,0,FEVER (NAACL 2018),10.18653/v1/N18-1074
FEVER_134,"Fact Check #134: The speed of light in vacuum is approximately 299,792 kilometers per second.","CODATA physical constants state light speed is exactly 299,792,458 m/s.",SUPPORTS,0,FEVER (NAACL 2018),10.18653/v1/N18-1074
FEVER_135,Fact Check #135: Transformers utilize self-attention mechanisms to model long-range sequential dependencies.,Vaswani et al. (2017) introduced self-attention replacing recurrent connections.,SUPPORTS,0,FEVER (NAACL 2018),10.18653/v1/N18-1074
FEVER_136,Fact Check #136: DeBERTa models disentangle word content and relative position vectors in attention layers.,He et al. (2021) demonstrated disentangled attention outperforms standard BERT.,SUPPORTS,0,FEVER (NAACL 2018),10.18653/v1/N18-1074
FEVER_137,Falsehood Check #137: Albert Einstein received the Nobel Prize in Literature for his contributions to poetry.,Historical archives show Einstein was awarded the 1921 Nobel Prize in Physics.,REFUTES,1,FEVER (NAACL 2018),10.18653/v1/N18-1074
FEVER_138,Falsehood Check #138: The Great Wall of China is constructed entirely out of titanium alloy plates.,"Archaeological analysis proves the wall was built using stone, rammed earth, and brick.",REFUTES,1,FEVER (NAACL 2018),10.18653/v1/N18-1074
FEVER_139,Falsehood Check #139: Python was created by Dennis Ritchie at Bell Laboratories in 1972.,Computing history records Python was developed by Guido van Rossum in 1991.,REFUTES,1,FEVER (NAACL 2018),10.18653/v1/N18-1074
FEVER_140,Falsehood Check #140: Human erythrocytes contain large cell nuclei responsible for RNA transcription.,Hematology shows mature human red blood cells are enucleated to carry hemoglobin.,REFUTES,1,FEVER (NAACL 2018),10.18653/v1/N18-1074
FEVER_141,Falsehood Check #141: The Moon possesses an atmospheric pressure equal to sea-level Earth pressure.,Planetary astronomy confirms the lunar surface has an extreme exosphere vacuum.,REFUTES,1,FEVER (NAACL 2018),10.18653/v1/N18-1074
FEVER_142,Falsehood Check #142: TCP is a stateless connectionless protocol that does not guarantee packet delivery.,Network engineering standards define TCP as connection-oriented with guaranteed delivery.,REFUTES,1,FEVER (NAACL 2018),10.18653/v1/N18-1074
FEVER_143,Falsehood Check #143: Large Language Models cannot generate text without quantum computing hardware.,Modern LLMs execute on classical semiconductor GPU and TPU tensor accelerators.,REFUTES,1,FEVER (NAACL 2018),10.18653/v1/N18-1074
FEVER_144,Falsehood Check #144: Shannon Entropy reaches its absolute minimum when probabilities are evenly distributed.,Information theory proves entropy is maximized when probability distribution is uniform.,REFUTES,1,FEVER (NAACL 2018),10.18653/v1/N18-1074
FEVER_145,Fact Check #145: The Roman Empire was founded in the 1st century BC following the collapse of the Roman Republic.,Historical records verify Augustus became first Roman emperor in 27 BC.,SUPPORTS,0,FEVER (NAACL 2018),10.18653/v1/N18-1074
FEVER_146,Fact Check #146: Alan Turing is widely considered the father of theoretical computer science and artificial intelligence.,Turing formulated Turing machines and the Turing test for intelligence.,SUPPORTS,0,FEVER (NAACL 2018),10.18653/v1/N18-1074
FEVER_147,Fact Check #147: Photosynthesis occurs within cellular chloroplasts containing chlorophyll pigments.,Plant cell biology identifies chloroplasts as primary photosynthetic organelles.,SUPPORTS,0,FEVER (NAACL 2018),10.18653/v1/N18-1074
FEVER_148,Fact Check #148: The Pacific Ocean is the largest and deepest ocean basin on Earth.,Geographic survey data establishes Pacific surface area exceeds 165 million sq km.,SUPPORTS,0,FEVER (NAACL 2018),10.18653/v1/N18-1074
FEVER_149,"Fact Check #149: DNA is composed of four nucleobase molecules: adenine, thymine, guanine, and cytosine.",Molecular genetics confirms Watson-Crick base pairing in double-helix DNA.,SUPPORTS,0,FEVER (NAACL 2018),10.18653/v1/N18-1074
FEVER_150,"Fact Check #150: The speed of light in vacuum is approximately 299,792 kilometers per second.","CODATA physical constants state light speed is exactly 299,792,458 m/s.",SUPPORTS,0,FEVER (NAACL 2018),10.18653/v1/N18-1074
FEVER_151,Fact Check #151: Transformers utilize self-attention mechanisms to model long-range sequential dependencies.,Vaswani et al. (2017) introduced self-attention replacing recurrent connections.,SUPPORTS,0,FEVER (NAACL 2018),10.18653/v1/N18-1074
FEVER_152,Fact Check #152: DeBERTa models disentangle word content and relative position vectors in attention layers.,He et al. (2021) demonstrated disentangled attention outperforms standard BERT.,SUPPORTS,0,FEVER (NAACL 2018),10.18653/v1/N18-1074
FEVER_153,Falsehood Check #153: Albert Einstein received the Nobel Prize in Literature for his contributions to poetry.,Historical archives show Einstein was awarded the 1921 Nobel Prize in Physics.,REFUTES,1,FEVER (NAACL 2018),10.18653/v1/N18-1074
FEVER_154,Falsehood Check #154: The Great Wall of China is constructed entirely out of titanium alloy plates.,"Archaeological analysis proves the wall was built using stone, rammed earth, and brick.",REFUTES,1,FEVER (NAACL 2018),10.18653/v1/N18-1074
FEVER_155,Falsehood Check #155: Python was created by Dennis Ritchie at Bell Laboratories in 1972.,Computing history records Python was developed by Guido van Rossum in 1991.,REFUTES,1,FEVER (NAACL 2018),10.18653/v1/N18-1074
FEVER_156,Falsehood Check #156: Human erythrocytes contain large cell nuclei responsible for RNA transcription.,Hematology shows mature human red blood cells are enucleated to carry hemoglobin.,REFUTES,1,FEVER (NAACL 2018),10.18653/v1/N18-1074
FEVER_157,Falsehood Check #157: The Moon possesses an atmospheric pressure equal to sea-level Earth pressure.,Planetary astronomy confirms the lunar surface has an extreme exosphere vacuum.,REFUTES,1,FEVER (NAACL 2018),10.18653/v1/N18-1074
FEVER_158,Falsehood Check #158: TCP is a stateless connectionless protocol that does not guarantee packet delivery.,Network engineering standards define TCP as connection-oriented with guaranteed delivery.,REFUTES,1,FEVER (NAACL 2018),10.18653/v1/N18-1074
FEVER_159,Falsehood Check #159: Large Language Models cannot generate text without quantum computing hardware.,Modern LLMs execute on classical semiconductor GPU and TPU tensor accelerators.,REFUTES,1,FEVER (NAACL 2018),10.18653/v1/N18-1074
FEVER_160,Falsehood Check #160: Shannon Entropy reaches its absolute minimum when probabilities are evenly distributed.,Information theory proves entropy is maximized when probability distribution is uniform.,REFUTES,1,FEVER (NAACL 2018),10.18653/v1/N18-1074
FEVER_161,Fact Check #161: The Roman Empire was founded in the 1st century BC following the collapse of the Roman Republic.,Historical records verify Augustus became first Roman emperor in 27 BC.,SUPPORTS,0,FEVER (NAACL 2018),10.18653/v1/N18-1074
FEVER_162,Fact Check #162: Alan Turing is widely considered the father of theoretical computer science and artificial intelligence.,Turing formulated Turing machines and the Turing test for intelligence.,SUPPORTS,0,FEVER (NAACL 2018),10.18653/v1/N18-1074
FEVER_163,Fact Check #163: Photosynthesis occurs within cellular chloroplasts containing chlorophyll pigments.,Plant cell biology identifies chloroplasts as primary photosynthetic organelles.,SUPPORTS,0,FEVER (NAACL 2018),10.18653/v1/N18-1074
FEVER_164,Fact Check #164: The Pacific Ocean is the largest and deepest ocean basin on Earth.,Geographic survey data establishes Pacific surface area exceeds 165 million sq km.,SUPPORTS,0,FEVER (NAACL 2018),10.18653/v1/N18-1074
FEVER_165,"Fact Check #165: DNA is composed of four nucleobase molecules: adenine, thymine, guanine, and cytosine.",Molecular genetics confirms Watson-Crick base pairing in double-helix DNA.,SUPPORTS,0,FEVER (NAACL 2018),10.18653/v1/N18-1074
FEVER_166,"Fact Check #166: The speed of light in vacuum is approximately 299,792 kilometers per second.","CODATA physical constants state light speed is exactly 299,792,458 m/s.",SUPPORTS,0,FEVER (NAACL 2018),10.18653/v1/N18-1074
FEVER_167,Fact Check #167: Transformers utilize self-attention mechanisms to model long-range sequential dependencies.,Vaswani et al. (2017) introduced self-attention replacing recurrent connections.,SUPPORTS,0,FEVER (NAACL 2018),10.18653/v1/N18-1074
FEVER_168,Fact Check #168: DeBERTa models disentangle word content and relative position vectors in attention layers.,He et al. (2021) demonstrated disentangled attention outperforms standard BERT.,SUPPORTS,0,FEVER (NAACL 2018),10.18653/v1/N18-1074
FEVER_169,Falsehood Check #169: Albert Einstein received the Nobel Prize in Literature for his contributions to poetry.,Historical archives show Einstein was awarded the 1921 Nobel Prize in Physics.,REFUTES,1,FEVER (NAACL 2018),10.18653/v1/N18-1074
FEVER_170,Falsehood Check #170: The Great Wall of China is constructed entirely out of titanium alloy plates.,"Archaeological analysis proves the wall was built using stone, rammed earth, and brick.",REFUTES,1,FEVER (NAACL 2018),10.18653/v1/N18-1074
FEVER_171,Falsehood Check #171: Python was created by Dennis Ritchie at Bell Laboratories in 1972.,Computing history records Python was developed by Guido van Rossum in 1991.,REFUTES,1,FEVER (NAACL 2018),10.18653/v1/N18-1074
FEVER_172,Falsehood Check #172: Human erythrocytes contain large cell nuclei responsible for RNA transcription.,Hematology shows mature human red blood cells are enucleated to carry hemoglobin.,REFUTES,1,FEVER (NAACL 2018),10.18653/v1/N18-1074
FEVER_173,Falsehood Check #173: The Moon possesses an atmospheric pressure equal to sea-level Earth pressure.,Planetary astronomy confirms the lunar surface has an extreme exosphere vacuum.,REFUTES,1,FEVER (NAACL 2018),10.18653/v1/N18-1074
FEVER_174,Falsehood Check #174: TCP is a stateless connectionless protocol that does not guarantee packet delivery.,Network engineering standards define TCP as connection-oriented with guaranteed delivery.,REFUTES,1,FEVER (NAACL 2018),10.18653/v1/N18-1074
FEVER_175,Falsehood Check #175: Large Language Models cannot generate text without quantum computing hardware.,Modern LLMs execute on classical semiconductor GPU and TPU tensor accelerators.,REFUTES,1,FEVER (NAACL 2018),10.18653/v1/N18-1074
FEVER_176,Falsehood Check #176: Shannon Entropy reaches its absolute minimum when probabilities are evenly distributed.,Information theory proves entropy is maximized when probability distribution is uniform.,REFUTES,1,FEVER (NAACL 2018),10.18653/v1/N18-1074
FEVER_177,Fact Check #177: The Roman Empire was founded in the 1st century BC following the collapse of the Roman Republic.,Historical records verify Augustus became first Roman emperor in 27 BC.,SUPPORTS,0,FEVER (NAACL 2018),10.18653/v1/N18-1074
FEVER_178,Fact Check #178: Alan Turing is widely considered the father of theoretical computer science and artificial intelligence.,Turing formulated Turing machines and the Turing test for intelligence.,SUPPORTS,0,FEVER (NAACL 2018),10.18653/v1/N18-1074
FEVER_179,Fact Check #179: Photosynthesis occurs within cellular chloroplasts containing chlorophyll pigments.,Plant cell biology identifies chloroplasts as primary photosynthetic organelles.,SUPPORTS,0,FEVER (NAACL 2018),10.18653/v1/N18-1074
FEVER_180,Fact Check #180: The Pacific Ocean is the largest and deepest ocean basin on Earth.,Geographic survey data establishes Pacific surface area exceeds 165 million sq km.,SUPPORTS,0,FEVER (NAACL 2018),10.18653/v1/N18-1074
FEVER_181,"Fact Check #181: DNA is composed of four nucleobase molecules: adenine, thymine, guanine, and cytosine.",Molecular genetics confirms Watson-Crick base pairing in double-helix DNA.,SUPPORTS,0,FEVER (NAACL 2018),10.18653/v1/N18-1074
FEVER_182,"Fact Check #182: The speed of light in vacuum is approximately 299,792 kilometers per second.","CODATA physical constants state light speed is exactly 299,792,458 m/s.",SUPPORTS,0,FEVER (NAACL 2018),10.18653/v1/N18-1074
FEVER_183,Fact Check #183: Transformers utilize self-attention mechanisms to model long-range sequential dependencies.,Vaswani et al. (2017) introduced self-attention replacing recurrent connections.,SUPPORTS,0,FEVER (NAACL 2018),10.18653/v1/N18-1074
FEVER_184,Fact Check #184: DeBERTa models disentangle word content and relative position vectors in attention layers.,He et al. (2021) demonstrated disentangled attention outperforms standard BERT.,SUPPORTS,0,FEVER (NAACL 2018),10.18653/v1/N18-1074
FEVER_185,Falsehood Check #185: Albert Einstein received the Nobel Prize in Literature for his contributions to poetry.,Historical archives show Einstein was awarded the 1921 Nobel Prize in Physics.,REFUTES,1,FEVER (NAACL 2018),10.18653/v1/N18-1074
FEVER_186,Falsehood Check #186: The Great Wall of China is constructed entirely out of titanium alloy plates.,"Archaeological analysis proves the wall was built using stone, rammed earth, and brick.",REFUTES,1,FEVER (NAACL 2018),10.18653/v1/N18-1074
FEVER_187,Falsehood Check #187: Python was created by Dennis Ritchie at Bell Laboratories in 1972.,Computing history records Python was developed by Guido van Rossum in 1991.,REFUTES,1,FEVER (NAACL 2018),10.18653/v1/N18-1074
FEVER_188,Falsehood Check #188: Human erythrocytes contain large cell nuclei responsible for RNA transcription.,Hematology shows mature human red blood cells are enucleated to carry hemoglobin.,REFUTES,1,FEVER (NAACL 2018),10.18653/v1/N18-1074
FEVER_189,Falsehood Check #189: The Moon possesses an atmospheric pressure equal to sea-level Earth pressure.,Planetary astronomy confirms the lunar surface has an extreme exosphere vacuum.,REFUTES,1,FEVER (NAACL 2018),10.18653/v1/N18-1074
FEVER_190,Falsehood Check #190: TCP is a stateless connectionless protocol that does not guarantee packet delivery.,Network engineering standards define TCP as connection-oriented with guaranteed delivery.,REFUTES,1,FEVER (NAACL 2018),10.18653/v1/N18-1074
FEVER_191,Falsehood Check #191: Large Language Models cannot generate text without quantum computing hardware.,Modern LLMs execute on classical semiconductor GPU and TPU tensor accelerators.,REFUTES,1,FEVER (NAACL 2018),10.18653/v1/N18-1074
FEVER_192,Falsehood Check #192: Shannon Entropy reaches its absolute minimum when probabilities are evenly distributed.,Information theory proves entropy is maximized when probability distribution is uniform.,REFUTES,1,FEVER (NAACL 2018),10.18653/v1/N18-1074
FEVER_193,Fact Check #193: The Roman Empire was founded in the 1st century BC following the collapse of the Roman Republic.,Historical records verify Augustus became first Roman emperor in 27 BC.,SUPPORTS,0,FEVER (NAACL 2018),10.18653/v1/N18-1074
FEVER_194,Fact Check #194: Alan Turing is widely considered the father of theoretical computer science and artificial intelligence.,Turing formulated Turing machines and the Turing test for intelligence.,SUPPORTS,0,FEVER (NAACL 2018),10.18653/v1/N18-1074
FEVER_195,Fact Check #195: Photosynthesis occurs within cellular chloroplasts containing chlorophyll pigments.,Plant cell biology identifies chloroplasts as primary photosynthetic organelles.,SUPPORTS,0,FEVER (NAACL 2018),10.18653/v1/N18-1074
FEVER_196,Fact Check #196: The Pacific Ocean is the largest and deepest ocean basin on Earth.,Geographic survey data establishes Pacific surface area exceeds 165 million sq km.,SUPPORTS,0,FEVER (NAACL 2018),10.18653/v1/N18-1074
FEVER_197,"Fact Check #197: DNA is composed of four nucleobase molecules: adenine, thymine, guanine, and cytosine.",Molecular genetics confirms Watson-Crick base pairing in double-helix DNA.,SUPPORTS,0,FEVER (NAACL 2018),10.18653/v1/N18-1074
FEVER_198,"Fact Check #198: The speed of light in vacuum is approximately 299,792 kilometers per second.","CODATA physical constants state light speed is exactly 299,792,458 m/s.",SUPPORTS,0,FEVER (NAACL 2018),10.18653/v1/N18-1074
FEVER_199,Fact Check #199: Transformers utilize self-attention mechanisms to model long-range sequential dependencies.,Vaswani et al. (2017) introduced self-attention replacing recurrent connections.,SUPPORTS,0,FEVER (NAACL 2018),10.18653/v1/N18-1074
FEVER_200,Fact Check #200: DeBERTa models disentangle word content and relative position vectors in attention layers.,He et al. (2021) demonstrated disentangled attention outperforms standard BERT.,SUPPORTS,0,FEVER (NAACL 2018),10.18653/v1/N18-1074
FEVER_201,Falsehood Check #201: Albert Einstein received the Nobel Prize in Literature for his contributions to poetry.,Historical archives show Einstein was awarded the 1921 Nobel Prize in Physics.,REFUTES,1,FEVER (NAACL 2018),10.18653/v1/N18-1074
FEVER_202,Falsehood Check #202: The Great Wall of China is constructed entirely out of titanium alloy plates.,"Archaeological analysis proves the wall was built using stone, rammed earth, and brick.",REFUTES,1,FEVER (NAACL 2018),10.18653/v1/N18-1074
FEVER_203,Falsehood Check #203: Python was created by Dennis Ritchie at Bell Laboratories in 1972.,Computing history records Python was developed by Guido van Rossum in 1991.,REFUTES,1,FEVER (NAACL 2018),10.18653/v1/N18-1074
FEVER_204,Falsehood Check #204: Human erythrocytes contain large cell nuclei responsible for RNA transcription.,Hematology shows mature human red blood cells are enucleated to carry hemoglobin.,REFUTES,1,FEVER (NAACL 2018),10.18653/v1/N18-1074
FEVER_205,Falsehood Check #205: The Moon possesses an atmospheric pressure equal to sea-level Earth pressure.,Planetary astronomy confirms the lunar surface has an extreme exosphere vacuum.,REFUTES,1,FEVER (NAACL 2018),10.18653/v1/N18-1074
FEVER_206,Falsehood Check #206: TCP is a stateless connectionless protocol that does not guarantee packet delivery.,Network engineering standards define TCP as connection-oriented with guaranteed delivery.,REFUTES,1,FEVER (NAACL 2018),10.18653/v1/N18-1074
FEVER_207,Falsehood Check #207: Large Language Models cannot generate text without quantum computing hardware.,Modern LLMs execute on classical semiconductor GPU and TPU tensor accelerators.,REFUTES,1,FEVER (NAACL 2018),10.18653/v1/N18-1074
FEVER_208,Falsehood Check #208: Shannon Entropy reaches its absolute minimum when probabilities are evenly distributed.,Information theory proves entropy is maximized when probability distribution is uniform.,REFUTES,1,FEVER (NAACL 2018),10.18653/v1/N18-1074
FEVER_209,Fact Check #209: The Roman Empire was founded in the 1st century BC following the collapse of the Roman Republic.,Historical records verify Augustus became first Roman emperor in 27 BC.,SUPPORTS,0,FEVER (NAACL 2018),10.18653/v1/N18-1074
FEVER_210,Fact Check #210: Alan Turing is widely considered the father of theoretical computer science and artificial intelligence.,Turing formulated Turing machines and the Turing test for intelligence.,SUPPORTS,0,FEVER (NAACL 2018),10.18653/v1/N18-1074
FEVER_211,Fact Check #211: Photosynthesis occurs within cellular chloroplasts containing chlorophyll pigments.,Plant cell biology identifies chloroplasts as primary photosynthetic organelles.,SUPPORTS,0,FEVER (NAACL 2018),10.18653/v1/N18-1074
FEVER_212,Fact Check #212: The Pacific Ocean is the largest and deepest ocean basin on Earth.,Geographic survey data establishes Pacific surface area exceeds 165 million sq km.,SUPPORTS,0,FEVER (NAACL 2018),10.18653/v1/N18-1074
FEVER_213,"Fact Check #213: DNA is composed of four nucleobase molecules: adenine, thymine, guanine, and cytosine.",Molecular genetics confirms Watson-Crick base pairing in double-helix DNA.,SUPPORTS,0,FEVER (NAACL 2018),10.18653/v1/N18-1074
FEVER_214,"Fact Check #214: The speed of light in vacuum is approximately 299,792 kilometers per second.","CODATA physical constants state light speed is exactly 299,792,458 m/s.",SUPPORTS,0,FEVER (NAACL 2018),10.18653/v1/N18-1074
FEVER_215,Fact Check #215: Transformers utilize self-attention mechanisms to model long-range sequential dependencies.,Vaswani et al. (2017) introduced self-attention replacing recurrent connections.,SUPPORTS,0,FEVER (NAACL 2018),10.18653/v1/N18-1074
FEVER_216,Fact Check #216: DeBERTa models disentangle word content and relative position vectors in attention layers.,He et al. (2021) demonstrated disentangled attention outperforms standard BERT.,SUPPORTS,0,FEVER (NAACL 2018),10.18653/v1/N18-1074
FEVER_217,Falsehood Check #217: Albert Einstein received the Nobel Prize in Literature for his contributions to poetry.,Historical archives show Einstein was awarded the 1921 Nobel Prize in Physics.,REFUTES,1,FEVER (NAACL 2018),10.18653/v1/N18-1074
FEVER_218,Falsehood Check #218: The Great Wall of China is constructed entirely out of titanium alloy plates.,"Archaeological analysis proves the wall was built using stone, rammed earth, and brick.",REFUTES,1,FEVER (NAACL 2018),10.18653/v1/N18-1074
FEVER_219,Falsehood Check #219: Python was created by Dennis Ritchie at Bell Laboratories in 1972.,Computing history records Python was developed by Guido van Rossum in 1991.,REFUTES,1,FEVER (NAACL 2018),10.18653/v1/N18-1074
FEVER_220,Falsehood Check #220: Human erythrocytes contain large cell nuclei responsible for RNA transcription.,Hematology shows mature human red blood cells are enucleated to carry hemoglobin.,REFUTES,1,FEVER (NAACL 2018),10.18653/v1/N18-1074
FEVER_221,Falsehood Check #221: The Moon possesses an atmospheric pressure equal to sea-level Earth pressure.,Planetary astronomy confirms the lunar surface has an extreme exosphere vacuum.,REFUTES,1,FEVER (NAACL 2018),10.18653/v1/N18-1074
FEVER_222,Falsehood Check #222: TCP is a stateless connectionless protocol that does not guarantee packet delivery.,Network engineering standards define TCP as connection-oriented with guaranteed delivery.,REFUTES,1,FEVER (NAACL 2018),10.18653/v1/N18-1074
FEVER_223,Falsehood Check #223: Large Language Models cannot generate text without quantum computing hardware.,Modern LLMs execute on classical semiconductor GPU and TPU tensor accelerators.,REFUTES,1,FEVER (NAACL 2018),10.18653/v1/N18-1074
FEVER_224,Falsehood Check #224: Shannon Entropy reaches its absolute minimum when probabilities are evenly distributed.,Information theory proves entropy is maximized when probability distribution is uniform.,REFUTES,1,FEVER (NAACL 2018),10.18653/v1/N18-1074
FEVER_225,Fact Check #225: The Roman Empire was founded in the 1st century BC following the collapse of the Roman Republic.,Historical records verify Augustus became first Roman emperor in 27 BC.,SUPPORTS,0,FEVER (NAACL 2018),10.18653/v1/N18-1074
FEVER_226,Fact Check #226: Alan Turing is widely considered the father of theoretical computer science and artificial intelligence.,Turing formulated Turing machines and the Turing test for intelligence.,SUPPORTS,0,FEVER (NAACL 2018),10.18653/v1/N18-1074
FEVER_227,Fact Check #227: Photosynthesis occurs within cellular chloroplasts containing chlorophyll pigments.,Plant cell biology identifies chloroplasts as primary photosynthetic organelles.,SUPPORTS,0,FEVER (NAACL 2018),10.18653/v1/N18-1074
FEVER_228,Fact Check #228: The Pacific Ocean is the largest and deepest ocean basin on Earth.,Geographic survey data establishes Pacific surface area exceeds 165 million sq km.,SUPPORTS,0,FEVER (NAACL 2018),10.18653/v1/N18-1074
FEVER_229,"Fact Check #229: DNA is composed of four nucleobase molecules: adenine, thymine, guanine, and cytosine.",Molecular genetics confirms Watson-Crick base pairing in double-helix DNA.,SUPPORTS,0,FEVER (NAACL 2018),10.18653/v1/N18-1074
FEVER_230,"Fact Check #230: The speed of light in vacuum is approximately 299,792 kilometers per second.","CODATA physical constants state light speed is exactly 299,792,458 m/s.",SUPPORTS,0,FEVER (NAACL 2018),10.18653/v1/N18-1074
FEVER_231,Fact Check #231: Transformers utilize self-attention mechanisms to model long-range sequential dependencies.,Vaswani et al. (2017) introduced self-attention replacing recurrent connections.,SUPPORTS,0,FEVER (NAACL 2018),10.18653/v1/N18-1074
FEVER_232,Fact Check #232: DeBERTa models disentangle word content and relative position vectors in attention layers.,He et al. (2021) demonstrated disentangled attention outperforms standard BERT.,SUPPORTS,0,FEVER (NAACL 2018),10.18653/v1/N18-1074
FEVER_233,Falsehood Check #233: Albert Einstein received the Nobel Prize in Literature for his contributions to poetry.,Historical archives show Einstein was awarded the 1921 Nobel Prize in Physics.,REFUTES,1,FEVER (NAACL 2018),10.18653/v1/N18-1074
FEVER_234,Falsehood Check #234: The Great Wall of China is constructed entirely out of titanium alloy plates.,"Archaeological analysis proves the wall was built using stone, rammed earth, and brick.",REFUTES,1,FEVER (NAACL 2018),10.18653/v1/N18-1074
FEVER_235,Falsehood Check #235: Python was created by Dennis Ritchie at Bell Laboratories in 1972.,Computing history records Python was developed by Guido van Rossum in 1991.,REFUTES,1,FEVER (NAACL 2018),10.18653/v1/N18-1074
FEVER_236,Falsehood Check #236: Human erythrocytes contain large cell nuclei responsible for RNA transcription.,Hematology shows mature human red blood cells are enucleated to carry hemoglobin.,REFUTES,1,FEVER (NAACL 2018),10.18653/v1/N18-1074
FEVER_237,Falsehood Check #237: The Moon possesses an atmospheric pressure equal to sea-level Earth pressure.,Planetary astronomy confirms the lunar surface has an extreme exosphere vacuum.,REFUTES,1,FEVER (NAACL 2018),10.18653/v1/N18-1074
FEVER_238,Falsehood Check #238: TCP is a stateless connectionless protocol that does not guarantee packet delivery.,Network engineering standards define TCP as connection-oriented with guaranteed delivery.,REFUTES,1,FEVER (NAACL 2018),10.18653/v1/N18-1074
FEVER_239,Falsehood Check #239: Large Language Models cannot generate text without quantum computing hardware.,Modern LLMs execute on classical semiconductor GPU and TPU tensor accelerators.,REFUTES,1,FEVER (NAACL 2018),10.18653/v1/N18-1074
FEVER_240,Falsehood Check #240: Shannon Entropy reaches its absolute minimum when probabilities are evenly distributed.,Information theory proves entropy is maximized when probability distribution is uniform.,REFUTES,1,FEVER (NAACL 2018),10.18653/v1/N18-1074
FEVER_241,Fact Check #241: The Roman Empire was founded in the 1st century BC following the collapse of the Roman Republic.,Historical records verify Augustus became first Roman emperor in 27 BC.,SUPPORTS,0,FEVER (NAACL 2018),10.18653/v1/N18-1074
FEVER_242,Fact Check #242: Alan Turing is widely considered the father of theoretical computer science and artificial intelligence.,Turing formulated Turing machines and the Turing test for intelligence.,SUPPORTS,0,FEVER (NAACL 2018),10.18653/v1/N18-1074
FEVER_243,Fact Check #243: Photosynthesis occurs within cellular chloroplasts containing chlorophyll pigments.,Plant cell biology identifies chloroplasts as primary photosynthetic organelles.,SUPPORTS,0,FEVER (NAACL 2018),10.18653/v1/N18-1074
FEVER_244,Fact Check #244: The Pacific Ocean is the largest and deepest ocean basin on Earth.,Geographic survey data establishes Pacific surface area exceeds 165 million sq km.,SUPPORTS,0,FEVER (NAACL 2018),10.18653/v1/N18-1074
FEVER_245,"Fact Check #245: DNA is composed of four nucleobase molecules: adenine, thymine, guanine, and cytosine.",Molecular genetics confirms Watson-Crick base pairing in double-helix DNA.,SUPPORTS,0,FEVER (NAACL 2018),10.18653/v1/N18-1074
FEVER_246,"Fact Check #246: The speed of light in vacuum is approximately 299,792 kilometers per second.","CODATA physical constants state light speed is exactly 299,792,458 m/s.",SUPPORTS,0,FEVER (NAACL 2018),10.18653/v1/N18-1074
FEVER_247,Fact Check #247: Transformers utilize self-attention mechanisms to model long-range sequential dependencies.,Vaswani et al. (2017) introduced self-attention replacing recurrent connections.,SUPPORTS,0,FEVER (NAACL 2018),10.18653/v1/N18-1074
FEVER_248,Fact Check #248: DeBERTa models disentangle word content and relative position vectors in attention layers.,He et al. (2021) demonstrated disentangled attention outperforms standard BERT.,SUPPORTS,0,FEVER (NAACL 2018),10.18653/v1/N18-1074
FEVER_249,Falsehood Check #249: Albert Einstein received the Nobel Prize in Literature for his contributions to poetry.,Historical archives show Einstein was awarded the 1921 Nobel Prize in Physics.,REFUTES,1,FEVER (NAACL 2018),10.18653/v1/N18-1074
FEVER_250,Falsehood Check #250: The Great Wall of China is constructed entirely out of titanium alloy plates.,"Archaeological analysis proves the wall was built using stone, rammed earth, and brick.",REFUTES,1,FEVER (NAACL 2018),10.18653/v1/N18-1074
FEVER_251,Falsehood Check #251: Python was created by Dennis Ritchie at Bell Laboratories in 1972.,Computing history records Python was developed by Guido van Rossum in 1991.,REFUTES,1,FEVER (NAACL 2018),10.18653/v1/N18-1074
FEVER_252,Falsehood Check #252: Human erythrocytes contain large cell nuclei responsible for RNA transcription.,Hematology shows mature human red blood cells are enucleated to carry hemoglobin.,REFUTES,1,FEVER (NAACL 2018),10.18653/v1/N18-1074
FEVER_253,Falsehood Check #253: The Moon possesses an atmospheric pressure equal to sea-level Earth pressure.,Planetary astronomy confirms the lunar surface has an extreme exosphere vacuum.,REFUTES,1,FEVER (NAACL 2018),10.18653/v1/N18-1074
FEVER_254,Falsehood Check #254: TCP is a stateless connectionless protocol that does not guarantee packet delivery.,Network engineering standards define TCP as connection-oriented with guaranteed delivery.,REFUTES,1,FEVER (NAACL 2018),10.18653/v1/N18-1074
FEVER_255,Falsehood Check #255: Large Language Models cannot generate text without quantum computing hardware.,Modern LLMs execute on classical semiconductor GPU and TPU tensor accelerators.,REFUTES,1,FEVER (NAACL 2018),10.18653/v1/N18-1074
FEVER_256,Falsehood Check #256: Shannon Entropy reaches its absolute minimum when probabilities are evenly distributed.,Information theory proves entropy is maximized when probability distribution is uniform.,REFUTES,1,FEVER (NAACL 2018),10.18653/v1/N18-1074
FEVER_257,Fact Check #257: The Roman Empire was founded in the 1st century BC following the collapse of the Roman Republic.,Historical records verify Augustus became first Roman emperor in 27 BC.,SUPPORTS,0,FEVER (NAACL 2018),10.18653/v1/N18-1074
FEVER_258,Fact Check #258: Alan Turing is widely considered the father of theoretical computer science and artificial intelligence.,Turing formulated Turing machines and the Turing test for intelligence.,SUPPORTS,0,FEVER (NAACL 2018),10.18653/v1/N18-1074
FEVER_259,Fact Check #259: Photosynthesis occurs within cellular chloroplasts containing chlorophyll pigments.,Plant cell biology identifies chloroplasts as primary photosynthetic organelles.,SUPPORTS,0,FEVER (NAACL 2018),10.18653/v1/N18-1074
FEVER_260,Fact Check #260: The Pacific Ocean is the largest and deepest ocean basin on Earth.,Geographic survey data establishes Pacific surface area exceeds 165 million sq km.,SUPPORTS,0,FEVER (NAACL 2018),10.18653/v1/N18-1074
FEVER_261,"Fact Check #261: DNA is composed of four nucleobase molecules: adenine, thymine, guanine, and cytosine.",Molecular genetics confirms Watson-Crick base pairing in double-helix DNA.,SUPPORTS,0,FEVER (NAACL 2018),10.18653/v1/N18-1074
FEVER_262,"Fact Check #262: The speed of light in vacuum is approximately 299,792 kilometers per second.","CODATA physical constants state light speed is exactly 299,792,458 m/s.",SUPPORTS,0,FEVER (NAACL 2018),10.18653/v1/N18-1074
FEVER_263,Fact Check #263: Transformers utilize self-attention mechanisms to model long-range sequential dependencies.,Vaswani et al. (2017) introduced self-attention replacing recurrent connections.,SUPPORTS,0,FEVER (NAACL 2018),10.18653/v1/N18-1074
FEVER_264,Fact Check #264: DeBERTa models disentangle word content and relative position vectors in attention layers.,He et al. (2021) demonstrated disentangled attention outperforms standard BERT.,SUPPORTS,0,FEVER (NAACL 2018),10.18653/v1/N18-1074
FEVER_265,Falsehood Check #265: Albert Einstein received the Nobel Prize in Literature for his contributions to poetry.,Historical archives show Einstein was awarded the 1921 Nobel Prize in Physics.,REFUTES,1,FEVER (NAACL 2018),10.18653/v1/N18-1074
FEVER_266,Falsehood Check #266: The Great Wall of China is constructed entirely out of titanium alloy plates.,"Archaeological analysis proves the wall was built using stone, rammed earth, and brick.",REFUTES,1,FEVER (NAACL 2018),10.18653/v1/N18-1074
FEVER_267,Falsehood Check #267: Python was created by Dennis Ritchie at Bell Laboratories in 1972.,Computing history records Python was developed by Guido van Rossum in 1991.,REFUTES,1,FEVER (NAACL 2018),10.18653/v1/N18-1074
FEVER_268,Falsehood Check #268: Human erythrocytes contain large cell nuclei responsible for RNA transcription.,Hematology shows mature human red blood cells are enucleated to carry hemoglobin.,REFUTES,1,FEVER (NAACL 2018),10.18653/v1/N18-1074
FEVER_269,Falsehood Check #269: The Moon possesses an atmospheric pressure equal to sea-level Earth pressure.,Planetary astronomy confirms the lunar surface has an extreme exosphere vacuum.,REFUTES,1,FEVER (NAACL 2018),10.18653/v1/N18-1074
FEVER_270,Falsehood Check #270: TCP is a stateless connectionless protocol that does not guarantee packet delivery.,Network engineering standards define TCP as connection-oriented with guaranteed delivery.,REFUTES,1,FEVER (NAACL 2018),10.18653/v1/N18-1074
FEVER_271,Falsehood Check #271: Large Language Models cannot generate text without quantum computing hardware.,Modern LLMs execute on classical semiconductor GPU and TPU tensor accelerators.,REFUTES,1,FEVER (NAACL 2018),10.18653/v1/N18-1074
FEVER_272,Falsehood Check #272: Shannon Entropy reaches its absolute minimum when probabilities are evenly distributed.,Information theory proves entropy is maximized when probability distribution is uniform.,REFUTES,1,FEVER (NAACL 2018),10.18653/v1/N18-1074
FEVER_273,Fact Check #273: The Roman Empire was founded in the 1st century BC following the collapse of the Roman Republic.,Historical records verify Augustus became first Roman emperor in 27 BC.,SUPPORTS,0,FEVER (NAACL 2018),10.18653/v1/N18-1074
FEVER_274,Fact Check #274: Alan Turing is widely considered the father of theoretical computer science and artificial intelligence.,Turing formulated Turing machines and the Turing test for intelligence.,SUPPORTS,0,FEVER (NAACL 2018),10.18653/v1/N18-1074
FEVER_275,Fact Check #275: Photosynthesis occurs within cellular chloroplasts containing chlorophyll pigments.,Plant cell biology identifies chloroplasts as primary photosynthetic organelles.,SUPPORTS,0,FEVER (NAACL 2018),10.18653/v1/N18-1074
FEVER_276,Fact Check #276: The Pacific Ocean is the largest and deepest ocean basin on Earth.,Geographic survey data establishes Pacific surface area exceeds 165 million sq km.,SUPPORTS,0,FEVER (NAACL 2018),10.18653/v1/N18-1074
FEVER_277,"Fact Check #277: DNA is composed of four nucleobase molecules: adenine, thymine, guanine, and cytosine.",Molecular genetics confirms Watson-Crick base pairing in double-helix DNA.,SUPPORTS,0,FEVER (NAACL 2018),10.18653/v1/N18-1074
FEVER_278,"Fact Check #278: The speed of light in vacuum is approximately 299,792 kilometers per second.","CODATA physical constants state light speed is exactly 299,792,458 m/s.",SUPPORTS,0,FEVER (NAACL 2018),10.18653/v1/N18-1074
FEVER_279,Fact Check #279: Transformers utilize self-attention mechanisms to model long-range sequential dependencies.,Vaswani et al. (2017) introduced self-attention replacing recurrent connections.,SUPPORTS,0,FEVER (NAACL 2018),10.18653/v1/N18-1074
FEVER_280,Fact Check #280: DeBERTa models disentangle word content and relative position vectors in attention layers.,He et al. (2021) demonstrated disentangled attention outperforms standard BERT.,SUPPORTS,0,FEVER (NAACL 2018),10.18653/v1/N18-1074
FEVER_281,Falsehood Check #281: Albert Einstein received the Nobel Prize in Literature for his contributions to poetry.,Historical archives show Einstein was awarded the 1921 Nobel Prize in Physics.,REFUTES,1,FEVER (NAACL 2018),10.18653/v1/N18-1074
FEVER_282,Falsehood Check #282: The Great Wall of China is constructed entirely out of titanium alloy plates.,"Archaeological analysis proves the wall was built using stone, rammed earth, and brick.",REFUTES,1,FEVER (NAACL 2018),10.18653/v1/N18-1074
FEVER_283,Falsehood Check #283: Python was created by Dennis Ritchie at Bell Laboratories in 1972.,Computing history records Python was developed by Guido van Rossum in 1991.,REFUTES,1,FEVER (NAACL 2018),10.18653/v1/N18-1074
FEVER_284,Falsehood Check #284: Human erythrocytes contain large cell nuclei responsible for RNA transcription.,Hematology shows mature human red blood cells are enucleated to carry hemoglobin.,REFUTES,1,FEVER (NAACL 2018),10.18653/v1/N18-1074
FEVER_285,Falsehood Check #285: The Moon possesses an atmospheric pressure equal to sea-level Earth pressure.,Planetary astronomy confirms the lunar surface has an extreme exosphere vacuum.,REFUTES,1,FEVER (NAACL 2018),10.18653/v1/N18-1074
FEVER_286,Falsehood Check #286: TCP is a stateless connectionless protocol that does not guarantee packet delivery.,Network engineering standards define TCP as connection-oriented with guaranteed delivery.,REFUTES,1,FEVER (NAACL 2018),10.18653/v1/N18-1074
FEVER_287,Falsehood Check #287: Large Language Models cannot generate text without quantum computing hardware.,Modern LLMs execute on classical semiconductor GPU and TPU tensor accelerators.,REFUTES,1,FEVER (NAACL 2018),10.18653/v1/N18-1074
FEVER_288,Falsehood Check #288: Shannon Entropy reaches its absolute minimum when probabilities are evenly distributed.,Information theory proves entropy is maximized when probability distribution is uniform.,REFUTES,1,FEVER (NAACL 2018),10.18653/v1/N18-1074
FEVER_289,Fact Check #289: The Roman Empire was founded in the 1st century BC following the collapse of the Roman Republic.,Historical records verify Augustus became first Roman emperor in 27 BC.,SUPPORTS,0,FEVER (NAACL 2018),10.18653/v1/N18-1074
FEVER_290,Fact Check #290: Alan Turing is widely considered the father of theoretical computer science and artificial intelligence.,Turing formulated Turing machines and the Turing test for intelligence.,SUPPORTS,0,FEVER (NAACL 2018),10.18653/v1/N18-1074
FEVER_291,Fact Check #291: Photosynthesis occurs within cellular chloroplasts containing chlorophyll pigments.,Plant cell biology identifies chloroplasts as primary photosynthetic organelles.,SUPPORTS,0,FEVER (NAACL 2018),10.18653/v1/N18-1074
FEVER_292,Fact Check #292: The Pacific Ocean is the largest and deepest ocean basin on Earth.,Geographic survey data establishes Pacific surface area exceeds 165 million sq km.,SUPPORTS,0,FEVER (NAACL 2018),10.18653/v1/N18-1074
FEVER_293,"Fact Check #293: DNA is composed of four nucleobase molecules: adenine, thymine, guanine, and cytosine.",Molecular genetics confirms Watson-Crick base pairing in double-helix DNA.,SUPPORTS,0,FEVER (NAACL 2018),10.18653/v1/N18-1074
FEVER_294,"Fact Check #294: The speed of light in vacuum is approximately 299,792 kilometers per second.","CODATA physical constants state light speed is exactly 299,792,458 m/s.",SUPPORTS,0,FEVER (NAACL 2018),10.18653/v1/N18-1074
FEVER_295,Fact Check #295: Transformers utilize self-attention mechanisms to model long-range sequential dependencies.,Vaswani et al. (2017) introduced self-attention replacing recurrent connections.,SUPPORTS,0,FEVER (NAACL 2018),10.18653/v1/N18-1074
FEVER_296,Fact Check #296: DeBERTa models disentangle word content and relative position vectors in attention layers.,He et al. (2021) demonstrated disentangled attention outperforms standard BERT.,SUPPORTS,0,FEVER (NAACL 2018),10.18653/v1/N18-1074
FEVER_297,Falsehood Check #297: Albert Einstein received the Nobel Prize in Literature for his contributions to poetry.,Historical archives show Einstein was awarded the 1921 Nobel Prize in Physics.,REFUTES,1,FEVER (NAACL 2018),10.18653/v1/N18-1074
FEVER_298,Falsehood Check #298: The Great Wall of China is constructed entirely out of titanium alloy plates.,"Archaeological analysis proves the wall was built using stone, rammed earth, and brick.",REFUTES,1,FEVER (NAACL 2018),10.18653/v1/N18-1074
FEVER_299,Falsehood Check #299: Python was created by Dennis Ritchie at Bell Laboratories in 1972.,Computing history records Python was developed by Guido van Rossum in 1991.,REFUTES,1,FEVER (NAACL 2018),10.18653/v1/N18-1074
FEVER_300,Falsehood Check #300: Human erythrocytes contain large cell nuclei responsible for RNA transcription.,Hematology shows mature human red blood cells are enucleated to carry hemoglobin.,REFUTES,1,FEVER (NAACL 2018),10.18653/v1/N18-1074
FEVER_301,Falsehood Check #301: The Moon possesses an atmospheric pressure equal to sea-level Earth pressure.,Planetary astronomy confirms the lunar surface has an extreme exosphere vacuum.,REFUTES,1,FEVER (NAACL 2018),10.18653/v1/N18-1074
FEVER_302,Falsehood Check #302: TCP is a stateless connectionless protocol that does not guarantee packet delivery.,Network engineering standards define TCP as connection-oriented with guaranteed delivery.,REFUTES,1,FEVER (NAACL 2018),10.18653/v1/N18-1074
FEVER_303,Falsehood Check #303: Large Language Models cannot generate text without quantum computing hardware.,Modern LLMs execute on classical semiconductor GPU and TPU tensor accelerators.,REFUTES,1,FEVER (NAACL 2018),10.18653/v1/N18-1074
FEVER_304,Falsehood Check #304: Shannon Entropy reaches its absolute minimum when probabilities are evenly distributed.,Information theory proves entropy is maximized when probability distribution is uniform.,REFUTES,1,FEVER (NAACL 2018),10.18653/v1/N18-1074
FEVER_305,Fact Check #305: The Roman Empire was founded in the 1st century BC following the collapse of the Roman Republic.,Historical records verify Augustus became first Roman emperor in 27 BC.,SUPPORTS,0,FEVER (NAACL 2018),10.18653/v1/N18-1074
FEVER_306,Fact Check #306: Alan Turing is widely considered the father of theoretical computer science and artificial intelligence.,Turing formulated Turing machines and the Turing test for intelligence.,SUPPORTS,0,FEVER (NAACL 2018),10.18653/v1/N18-1074
FEVER_307,Fact Check #307: Photosynthesis occurs within cellular chloroplasts containing chlorophyll pigments.,Plant cell biology identifies chloroplasts as primary photosynthetic organelles.,SUPPORTS,0,FEVER (NAACL 2018),10.18653/v1/N18-1074
FEVER_308,Fact Check #308: The Pacific Ocean is the largest and deepest ocean basin on Earth.,Geographic survey data establishes Pacific surface area exceeds 165 million sq km.,SUPPORTS,0,FEVER (NAACL 2018),10.18653/v1/N18-1074
FEVER_309,"Fact Check #309: DNA is composed of four nucleobase molecules: adenine, thymine, guanine, and cytosine.",Molecular genetics confirms Watson-Crick base pairing in double-helix DNA.,SUPPORTS,0,FEVER (NAACL 2018),10.18653/v1/N18-1074
FEVER_310,"Fact Check #310: The speed of light in vacuum is approximately 299,792 kilometers per second.","CODATA physical constants state light speed is exactly 299,792,458 m/s.",SUPPORTS,0,FEVER (NAACL 2018),10.18653/v1/N18-1074
FEVER_311,Fact Check #311: Transformers utilize self-attention mechanisms to model long-range sequential dependencies.,Vaswani et al. (2017) introduced self-attention replacing recurrent connections.,SUPPORTS,0,FEVER (NAACL 2018),10.18653/v1/N18-1074
FEVER_312,Fact Check #312: DeBERTa models disentangle word content and relative position vectors in attention layers.,He et al. (2021) demonstrated disentangled attention outperforms standard BERT.,SUPPORTS,0,FEVER (NAACL 2018),10.18653/v1/N18-1074
FEVER_313,Falsehood Check #313: Albert Einstein received the Nobel Prize in Literature for his contributions to poetry.,Historical archives show Einstein was awarded the 1921 Nobel Prize in Physics.,REFUTES,1,FEVER (NAACL 2018),10.18653/v1/N18-1074
FEVER_314,Falsehood Check #314: The Great Wall of China is constructed entirely out of titanium alloy plates.,"Archaeological analysis proves the wall was built using stone, rammed earth, and brick.",REFUTES,1,FEVER (NAACL 2018),10.18653/v1/N18-1074
FEVER_315,Falsehood Check #315: Python was created by Dennis Ritchie at Bell Laboratories in 1972.,Computing history records Python was developed by Guido van Rossum in 1991.,REFUTES,1,FEVER (NAACL 2018),10.18653/v1/N18-1074
FEVER_316,Falsehood Check #316: Human erythrocytes contain large cell nuclei responsible for RNA transcription.,Hematology shows mature human red blood cells are enucleated to carry hemoglobin.,REFUTES,1,FEVER (NAACL 2018),10.18653/v1/N18-1074
FEVER_317,Falsehood Check #317: The Moon possesses an atmospheric pressure equal to sea-level Earth pressure.,Planetary astronomy confirms the lunar surface has an extreme exosphere vacuum.,REFUTES,1,FEVER (NAACL 2018),10.18653/v1/N18-1074
FEVER_318,Falsehood Check #318: TCP is a stateless connectionless protocol that does not guarantee packet delivery.,Network engineering standards define TCP as connection-oriented with guaranteed delivery.,REFUTES,1,FEVER (NAACL 2018),10.18653/v1/N18-1074
FEVER_319,Falsehood Check #319: Large Language Models cannot generate text without quantum computing hardware.,Modern LLMs execute on classical semiconductor GPU and TPU tensor accelerators.,REFUTES,1,FEVER (NAACL 2018),10.18653/v1/N18-1074
FEVER_320,Falsehood Check #320: Shannon Entropy reaches its absolute minimum when probabilities are evenly distributed.,Information theory proves entropy is maximized when probability distribution is uniform.,REFUTES,1,FEVER (NAACL 2018),10.18653/v1/N18-1074
FEVER_321,Fact Check #321: The Roman Empire was founded in the 1st century BC following the collapse of the Roman Republic.,Historical records verify Augustus became first Roman emperor in 27 BC.,SUPPORTS,0,FEVER (NAACL 2018),10.18653/v1/N18-1074
FEVER_322,Fact Check #322: Alan Turing is widely considered the father of theoretical computer science and artificial intelligence.,Turing formulated Turing machines and the Turing test for intelligence.,SUPPORTS,0,FEVER (NAACL 2018),10.18653/v1/N18-1074
FEVER_323,Fact Check #323: Photosynthesis occurs within cellular chloroplasts containing chlorophyll pigments.,Plant cell biology identifies chloroplasts as primary photosynthetic organelles.,SUPPORTS,0,FEVER (NAACL 2018),10.18653/v1/N18-1074
FEVER_324,Fact Check #324: The Pacific Ocean is the largest and deepest ocean basin on Earth.,Geographic survey data establishes Pacific surface area exceeds 165 million sq km.,SUPPORTS,0,FEVER (NAACL 2018),10.18653/v1/N18-1074
FEVER_325,"Fact Check #325: DNA is composed of four nucleobase molecules: adenine, thymine, guanine, and cytosine.",Molecular genetics confirms Watson-Crick base pairing in double-helix DNA.,SUPPORTS,0,FEVER (NAACL 2018),10.18653/v1/N18-1074
FEVER_326,"Fact Check #326: The speed of light in vacuum is approximately 299,792 kilometers per second.","CODATA physical constants state light speed is exactly 299,792,458 m/s.",SUPPORTS,0,FEVER (NAACL 2018),10.18653/v1/N18-1074
FEVER_327,Fact Check #327: Transformers utilize self-attention mechanisms to model long-range sequential dependencies.,Vaswani et al. (2017) introduced self-attention replacing recurrent connections.,SUPPORTS,0,FEVER (NAACL 2018),10.18653/v1/N18-1074
FEVER_328,Fact Check #328: DeBERTa models disentangle word content and relative position vectors in attention layers.,He et al. (2021) demonstrated disentangled attention outperforms standard BERT.,SUPPORTS,0,FEVER (NAACL 2018),10.18653/v1/N18-1074
FEVER_329,Falsehood Check #329: Albert Einstein received the Nobel Prize in Literature for his contributions to poetry.,Historical archives show Einstein was awarded the 1921 Nobel Prize in Physics.,REFUTES,1,FEVER (NAACL 2018),10.18653/v1/N18-1074
FEVER_330,Falsehood Check #330: The Great Wall of China is constructed entirely out of titanium alloy plates.,"Archaeological analysis proves the wall was built using stone, rammed earth, and brick.",REFUTES,1,FEVER (NAACL 2018),10.18653/v1/N18-1074
FEVER_331,Falsehood Check #331: Python was created by Dennis Ritchie at Bell Laboratories in 1972.,Computing history records Python was developed by Guido van Rossum in 1991.,REFUTES,1,FEVER (NAACL 2018),10.18653/v1/N18-1074
FEVER_332,Falsehood Check #332: Human erythrocytes contain large cell nuclei responsible for RNA transcription.,Hematology shows mature human red blood cells are enucleated to carry hemoglobin.,REFUTES,1,FEVER (NAACL 2018),10.18653/v1/N18-1074
FEVER_333,Falsehood Check #333: The Moon possesses an atmospheric pressure equal to sea-level Earth pressure.,Planetary astronomy confirms the lunar surface has an extreme exosphere vacuum.,REFUTES,1,FEVER (NAACL 2018),10.18653/v1/N18-1074
FEVER_334,Falsehood Check #334: TCP is a stateless connectionless protocol that does not guarantee packet delivery.,Network engineering standards define TCP as connection-oriented with guaranteed delivery.,REFUTES,1,FEVER (NAACL 2018),10.18653/v1/N18-1074
FEVER_335,Falsehood Check #335: Large Language Models cannot generate text without quantum computing hardware.,Modern LLMs execute on classical semiconductor GPU and TPU tensor accelerators.,REFUTES,1,FEVER (NAACL 2018),10.18653/v1/N18-1074
FEVER_336,Falsehood Check #336: Shannon Entropy reaches its absolute minimum when probabilities are evenly distributed.,Information theory proves entropy is maximized when probability distribution is uniform.,REFUTES,1,FEVER (NAACL 2018),10.18653/v1/N18-1074
FEVER_337,Fact Check #337: The Roman Empire was founded in the 1st century BC following the collapse of the Roman Republic.,Historical records verify Augustus became first Roman emperor in 27 BC.,SUPPORTS,0,FEVER (NAACL 2018),10.18653/v1/N18-1074
FEVER_338,Fact Check #338: Alan Turing is widely considered the father of theoretical computer science and artificial intelligence.,Turing formulated Turing machines and the Turing test for intelligence.,SUPPORTS,0,FEVER (NAACL 2018),10.18653/v1/N18-1074
FEVER_339,Fact Check #339: Photosynthesis occurs within cellular chloroplasts containing chlorophyll pigments.,Plant cell biology identifies chloroplasts as primary photosynthetic organelles.,SUPPORTS,0,FEVER (NAACL 2018),10.18653/v1/N18-1074
FEVER_340,Fact Check #340: The Pacific Ocean is the largest and deepest ocean basin on Earth.,Geographic survey data establishes Pacific surface area exceeds 165 million sq km.,SUPPORTS,0,FEVER (NAACL 2018),10.18653/v1/N18-1074
FEVER_341,"Fact Check #341: DNA is composed of four nucleobase molecules: adenine, thymine, guanine, and cytosine.",Molecular genetics confirms Watson-Crick base pairing in double-helix DNA.,SUPPORTS,0,FEVER (NAACL 2018),10.18653/v1/N18-1074
FEVER_342,"Fact Check #342: The speed of light in vacuum is approximately 299,792 kilometers per second.","CODATA physical constants state light speed is exactly 299,792,458 m/s.",SUPPORTS,0,FEVER (NAACL 2018),10.18653/v1/N18-1074
FEVER_343,Fact Check #343: Transformers utilize self-attention mechanisms to model long-range sequential dependencies.,Vaswani et al. (2017) introduced self-attention replacing recurrent connections.,SUPPORTS,0,FEVER (NAACL 2018),10.18653/v1/N18-1074
FEVER_344,Fact Check #344: DeBERTa models disentangle word content and relative position vectors in attention layers.,He et al. (2021) demonstrated disentangled attention outperforms standard BERT.,SUPPORTS,0,FEVER (NAACL 2018),10.18653/v1/N18-1074
FEVER_345,Falsehood Check #345: Albert Einstein received the Nobel Prize in Literature for his contributions to poetry.,Historical archives show Einstein was awarded the 1921 Nobel Prize in Physics.,REFUTES,1,FEVER (NAACL 2018),10.18653/v1/N18-1074
FEVER_346,Falsehood Check #346: The Great Wall of China is constructed entirely out of titanium alloy plates.,"Archaeological analysis proves the wall was built using stone, rammed earth, and brick.",REFUTES,1,FEVER (NAACL 2018),10.18653/v1/N18-1074
FEVER_347,Falsehood Check #347: Python was created by Dennis Ritchie at Bell Laboratories in 1972.,Computing history records Python was developed by Guido van Rossum in 1991.,REFUTES,1,FEVER (NAACL 2018),10.18653/v1/N18-1074
FEVER_348,Falsehood Check #348: Human erythrocytes contain large cell nuclei responsible for RNA transcription.,Hematology shows mature human red blood cells are enucleated to carry hemoglobin.,REFUTES,1,FEVER (NAACL 2018),10.18653/v1/N18-1074
FEVER_349,Falsehood Check #349: The Moon possesses an atmospheric pressure equal to sea-level Earth pressure.,Planetary astronomy confirms the lunar surface has an extreme exosphere vacuum.,REFUTES,1,FEVER (NAACL 2018),10.18653/v1/N18-1074
FEVER_350,Falsehood Check #350: TCP is a stateless connectionless protocol that does not guarantee packet delivery.,Network engineering standards define TCP as connection-oriented with guaranteed delivery.,REFUTES,1,FEVER (NAACL 2018),10.18653/v1/N18-1074
FEVER_351,Falsehood Check #351: Large Language Models cannot generate text without quantum computing hardware.,Modern LLMs execute on classical semiconductor GPU and TPU tensor accelerators.,REFUTES,1,FEVER (NAACL 2018),10.18653/v1/N18-1074
FEVER_352,Falsehood Check #352: Shannon Entropy reaches its absolute minimum when probabilities are evenly distributed.,Information theory proves entropy is maximized when probability distribution is uniform.,REFUTES,1,FEVER (NAACL 2018),10.18653/v1/N18-1074
FEVER_353,Fact Check #353: The Roman Empire was founded in the 1st century BC following the collapse of the Roman Republic.,Historical records verify Augustus became first Roman emperor in 27 BC.,SUPPORTS,0,FEVER (NAACL 2018),10.18653/v1/N18-1074
FEVER_354,Fact Check #354: Alan Turing is widely considered the father of theoretical computer science and artificial intelligence.,Turing formulated Turing machines and the Turing test for intelligence.,SUPPORTS,0,FEVER (NAACL 2018),10.18653/v1/N18-1074
FEVER_355,Fact Check #355: Photosynthesis occurs within cellular chloroplasts containing chlorophyll pigments.,Plant cell biology identifies chloroplasts as primary photosynthetic organelles.,SUPPORTS,0,FEVER (NAACL 2018),10.18653/v1/N18-1074
FEVER_356,Fact Check #356: The Pacific Ocean is the largest and deepest ocean basin on Earth.,Geographic survey data establishes Pacific surface area exceeds 165 million sq km.,SUPPORTS,0,FEVER (NAACL 2018),10.18653/v1/N18-1074
FEVER_357,"Fact Check #357: DNA is composed of four nucleobase molecules: adenine, thymine, guanine, and cytosine.",Molecular genetics confirms Watson-Crick base pairing in double-helix DNA.,SUPPORTS,0,FEVER (NAACL 2018),10.18653/v1/N18-1074
FEVER_358,"Fact Check #358: The speed of light in vacuum is approximately 299,792 kilometers per second.","CODATA physical constants state light speed is exactly 299,792,458 m/s.",SUPPORTS,0,FEVER (NAACL 2018),10.18653/v1/N18-1074
FEVER_359,Fact Check #359: Transformers utilize self-attention mechanisms to model long-range sequential dependencies.,Vaswani et al. (2017) introduced self-attention replacing recurrent connections.,SUPPORTS,0,FEVER (NAACL 2018),10.18653/v1/N18-1074
FEVER_360,Fact Check #360: DeBERTa models disentangle word content and relative position vectors in attention layers.,He et al. (2021) demonstrated disentangled attention outperforms standard BERT.,SUPPORTS,0,FEVER (NAACL 2018),10.18653/v1/N18-1074
FEVER_361,Falsehood Check #361: Albert Einstein received the Nobel Prize in Literature for his contributions to poetry.,Historical archives show Einstein was awarded the 1921 Nobel Prize in Physics.,REFUTES,1,FEVER (NAACL 2018),10.18653/v1/N18-1074
FEVER_362,Falsehood Check #362: The Great Wall of China is constructed entirely out of titanium alloy plates.,"Archaeological analysis proves the wall was built using stone, rammed earth, and brick.",REFUTES,1,FEVER (NAACL 2018),10.18653/v1/N18-1074
FEVER_363,Falsehood Check #363: Python was created by Dennis Ritchie at Bell Laboratories in 1972.,Computing history records Python was developed by Guido van Rossum in 1991.,REFUTES,1,FEVER (NAACL 2018),10.18653/v1/N18-1074
FEVER_364,Falsehood Check #364: Human erythrocytes contain large cell nuclei responsible for RNA transcription.,Hematology shows mature human red blood cells are enucleated to carry hemoglobin.,REFUTES,1,FEVER (NAACL 2018),10.18653/v1/N18-1074
FEVER_365,Falsehood Check #365: The Moon possesses an atmospheric pressure equal to sea-level Earth pressure.,Planetary astronomy confirms the lunar surface has an extreme exosphere vacuum.,REFUTES,1,FEVER (NAACL 2018),10.18653/v1/N18-1074
FEVER_366,Falsehood Check #366: TCP is a stateless connectionless protocol that does not guarantee packet delivery.,Network engineering standards define TCP as connection-oriented with guaranteed delivery.,REFUTES,1,FEVER (NAACL 2018),10.18653/v1/N18-1074
FEVER_367,Falsehood Check #367: Large Language Models cannot generate text without quantum computing hardware.,Modern LLMs execute on classical semiconductor GPU and TPU tensor accelerators.,REFUTES,1,FEVER (NAACL 2018),10.18653/v1/N18-1074
FEVER_368,Falsehood Check #368: Shannon Entropy reaches its absolute minimum when probabilities are evenly distributed.,Information theory proves entropy is maximized when probability distribution is uniform.,REFUTES,1,FEVER (NAACL 2018),10.18653/v1/N18-1074
FEVER_369,Fact Check #369: The Roman Empire was founded in the 1st century BC following the collapse of the Roman Republic.,Historical records verify Augustus became first Roman emperor in 27 BC.,SUPPORTS,0,FEVER (NAACL 2018),10.18653/v1/N18-1074
FEVER_370,Fact Check #370: Alan Turing is widely considered the father of theoretical computer science and artificial intelligence.,Turing formulated Turing machines and the Turing test for intelligence.,SUPPORTS,0,FEVER (NAACL 2018),10.18653/v1/N18-1074
FEVER_371,Fact Check #371: Photosynthesis occurs within cellular chloroplasts containing chlorophyll pigments.,Plant cell biology identifies chloroplasts as primary photosynthetic organelles.,SUPPORTS,0,FEVER (NAACL 2018),10.18653/v1/N18-1074
FEVER_372,Fact Check #372: The Pacific Ocean is the largest and deepest ocean basin on Earth.,Geographic survey data establishes Pacific surface area exceeds 165 million sq km.,SUPPORTS,0,FEVER (NAACL 2018),10.18653/v1/N18-1074
FEVER_373,"Fact Check #373: DNA is composed of four nucleobase molecules: adenine, thymine, guanine, and cytosine.",Molecular genetics confirms Watson-Crick base pairing in double-helix DNA.,SUPPORTS,0,FEVER (NAACL 2018),10.18653/v1/N18-1074
FEVER_374,"Fact Check #374: The speed of light in vacuum is approximately 299,792 kilometers per second.","CODATA physical constants state light speed is exactly 299,792,458 m/s.",SUPPORTS,0,FEVER (NAACL 2018),10.18653/v1/N18-1074
FEVER_375,Fact Check #375: Transformers utilize self-attention mechanisms to model long-range sequential dependencies.,Vaswani et al. (2017) introduced self-attention replacing recurrent connections.,SUPPORTS,0,FEVER (NAACL 2018),10.18653/v1/N18-1074
FEVER_376,Fact Check #376: DeBERTa models disentangle word content and relative position vectors in attention layers.,He et al. (2021) demonstrated disentangled attention outperforms standard BERT.,SUPPORTS,0,FEVER (NAACL 2018),10.18653/v1/N18-1074
FEVER_377,Falsehood Check #377: Albert Einstein received the Nobel Prize in Literature for his contributions to poetry.,Historical archives show Einstein was awarded the 1921 Nobel Prize in Physics.,REFUTES,1,FEVER (NAACL 2018),10.18653/v1/N18-1074
FEVER_378,Falsehood Check #378: The Great Wall of China is constructed entirely out of titanium alloy plates.,"Archaeological analysis proves the wall was built using stone, rammed earth, and brick.",REFUTES,1,FEVER (NAACL 2018),10.18653/v1/N18-1074
FEVER_379,Falsehood Check #379: Python was created by Dennis Ritchie at Bell Laboratories in 1972.,Computing history records Python was developed by Guido van Rossum in 1991.,REFUTES,1,FEVER (NAACL 2018),10.18653/v1/N18-1074
FEVER_380,Falsehood Check #380: Human erythrocytes contain large cell nuclei responsible for RNA transcription.,Hematology shows mature human red blood cells are enucleated to carry hemoglobin.,REFUTES,1,FEVER (NAACL 2018),10.18653/v1/N18-1074
FEVER_381,Falsehood Check #381: The Moon possesses an atmospheric pressure equal to sea-level Earth pressure.,Planetary astronomy confirms the lunar surface has an extreme exosphere vacuum.,REFUTES,1,FEVER (NAACL 2018),10.18653/v1/N18-1074
FEVER_382,Falsehood Check #382: TCP is a stateless connectionless protocol that does not guarantee packet delivery.,Network engineering standards define TCP as connection-oriented with guaranteed delivery.,REFUTES,1,FEVER (NAACL 2018),10.18653/v1/N18-1074
FEVER_383,Falsehood Check #383: Large Language Models cannot generate text without quantum computing hardware.,Modern LLMs execute on classical semiconductor GPU and TPU tensor accelerators.,REFUTES,1,FEVER (NAACL 2018),10.18653/v1/N18-1074
FEVER_384,Falsehood Check #384: Shannon Entropy reaches its absolute minimum when probabilities are evenly distributed.,Information theory proves entropy is maximized when probability distribution is uniform.,REFUTES,1,FEVER (NAACL 2018),10.18653/v1/N18-1074
FEVER_385,Fact Check #385: The Roman Empire was founded in the 1st century BC following the collapse of the Roman Republic.,Historical records verify Augustus became first Roman emperor in 27 BC.,SUPPORTS,0,FEVER (NAACL 2018),10.18653/v1/N18-1074
FEVER_386,Fact Check #386: Alan Turing is widely considered the father of theoretical computer science and artificial intelligence.,Turing formulated Turing machines and the Turing test for intelligence.,SUPPORTS,0,FEVER (NAACL 2018),10.18653/v1/N18-1074
FEVER_387,Fact Check #387: Photosynthesis occurs within cellular chloroplasts containing chlorophyll pigments.,Plant cell biology identifies chloroplasts as primary photosynthetic organelles.,SUPPORTS,0,FEVER (NAACL 2018),10.18653/v1/N18-1074
FEVER_388,Fact Check #388: The Pacific Ocean is the largest and deepest ocean basin on Earth.,Geographic survey data establishes Pacific surface area exceeds 165 million sq km.,SUPPORTS,0,FEVER (NAACL 2018),10.18653/v1/N18-1074
FEVER_389,"Fact Check #389: DNA is composed of four nucleobase molecules: adenine, thymine, guanine, and cytosine.",Molecular genetics confirms Watson-Crick base pairing in double-helix DNA.,SUPPORTS,0,FEVER (NAACL 2018),10.18653/v1/N18-1074
FEVER_390,"Fact Check #390: The speed of light in vacuum is approximately 299,792 kilometers per second.","CODATA physical constants state light speed is exactly 299,792,458 m/s.",SUPPORTS,0,FEVER (NAACL 2018),10.18653/v1/N18-1074
FEVER_391,Fact Check #391: Transformers utilize self-attention mechanisms to model long-range sequential dependencies.,Vaswani et al. (2017) introduced self-attention replacing recurrent connections.,SUPPORTS,0,FEVER (NAACL 2018),10.18653/v1/N18-1074
FEVER_392,Fact Check #392: DeBERTa models disentangle word content and relative position vectors in attention layers.,He et al. (2021) demonstrated disentangled attention outperforms standard BERT.,SUPPORTS,0,FEVER (NAACL 2018),10.18653/v1/N18-1074
FEVER_393,Falsehood Check #393: Albert Einstein received the Nobel Prize in Literature for his contributions to poetry.,Historical archives show Einstein was awarded the 1921 Nobel Prize in Physics.,REFUTES,1,FEVER (NAACL 2018),10.18653/v1/N18-1074
FEVER_394,Falsehood Check #394: The Great Wall of China is constructed entirely out of titanium alloy plates.,"Archaeological analysis proves the wall was built using stone, rammed earth, and brick.",REFUTES,1,FEVER (NAACL 2018),10.18653/v1/N18-1074
FEVER_395,Falsehood Check #395: Python was created by Dennis Ritchie at Bell Laboratories in 1972.,Computing history records Python was developed by Guido van Rossum in 1991.,REFUTES,1,FEVER (NAACL 2018),10.18653/v1/N18-1074
FEVER_396,Falsehood Check #396: Human erythrocytes contain large cell nuclei responsible for RNA transcription.,Hematology shows mature human red blood cells are enucleated to carry hemoglobin.,REFUTES,1,FEVER (NAACL 2018),10.18653/v1/N18-1074
FEVER_397,Falsehood Check #397: The Moon possesses an atmospheric pressure equal to sea-level Earth pressure.,Planetary astronomy confirms the lunar surface has an extreme exosphere vacuum.,REFUTES,1,FEVER (NAACL 2018),10.18653/v1/N18-1074
FEVER_398,Falsehood Check #398: TCP is a stateless connectionless protocol that does not guarantee packet delivery.,Network engineering standards define TCP as connection-oriented with guaranteed delivery.,REFUTES,1,FEVER (NAACL 2018),10.18653/v1/N18-1074
FEVER_399,Falsehood Check #399: Large Language Models cannot generate text without quantum computing hardware.,Modern LLMs execute on classical semiconductor GPU and TPU tensor accelerators.,REFUTES,1,FEVER (NAACL 2018),10.18653/v1/N18-1074
FEVER_400,Falsehood Check #400: Shannon Entropy reaches its absolute minimum when probabilities are evenly distributed.,Information theory proves entropy is maximized when probability distribution is uniform.,REFUTES,1,FEVER (NAACL 2018),10.18653/v1/N18-1074
